"","megye","oevk","jelolt","szervezet","szavazat"
"1","BUDAPEST",3,"Bartha Attila","4K!",269
"2","PEST",3,"Bassa Zoltán","4K!",203
"3","BUDAPEST",13,"Dr. Salha Omár","4K!",252
"4","CSONGRÁD",1,"Dudás Róbert","4K!",227
"5","SOMOGY",2,"Kovács Gábor","4K!",54
"6","KOMÁROM-ESZTERGOM",1,"Majer Zsuzsanna Éva","4K!",155
"7","VAS",1,"Nagy András","4K!",204
"8","PEST",5,"Nagy Nándor","4K!",223
"9","PEST",1,"Rácz Róbert","4K!",151
"10","BUDAPEST",17,"Völgyesi Krisztián","4K!",159
"11","BORSOD-ABAÚJ-ZEMPLÉN",3,"Andrássy Dénes Károly","A HAZA NEM ELADÓ",133
"12","CSONGRÁD",2,"Asztalos Károlyné","A HAZA NEM ELADÓ",435
"13","SOMOGY",3,"Bakos Éva Gyöngyi","A HAZA NEM ELADÓ",326
"14","ZALA",2,"Balázs Árpád Mátyás","A HAZA NEM ELADÓ",378
"15","FEJÉR",1,"Bálint Zoltán László","A HAZA NEM ELADÓ",285
"16","BUDAPEST",11,"Barna Mónika","A HAZA NEM ELADÓ",256
"17","BÉKÉS",4,"Berki János","A HAZA NEM ELADÓ",598
"18","SZABOLCS-SZATMÁR-BEREG",4,"Boros Attila","A HAZA NEM ELADÓ",105
"19","BÉKÉS",2,"Borzáné Uram Ildikó","A HAZA NEM ELADÓ",534
"20","SZABOLCS-SZATMÁR-BEREG",1,"Chrabák Sándor","A HAZA NEM ELADÓ",397
"21","BARANYA",4,"Császár Norbert","A HAZA NEM ELADÓ",359
"22","PEST",4,"Dr. Dákay Zoltán","A HAZA NEM ELADÓ",299
"23","SOMOGY",4,"Egyedi László","A HAZA NEM ELADÓ",235
"24","HEVES",1,"Faludi Sándor Gábor","A HAZA NEM ELADÓ",269
"25","BÉKÉS",1,"Farkas Gábor","A HAZA NEM ELADÓ",709
"26","PEST",3,"Ferenczi János","A HAZA NEM ELADÓ",266
"27","BORSOD-ABAÚJ-ZEMPLÉN",4,"Frank Tibor","A HAZA NEM ELADÓ",160
"28","BARANYA",2,"György Zoltán Imre","A HAZA NEM ELADÓ",459
"29","JÁSZ-NAGYKUN-SZOLNOK",1,"Hári Antal Dezső","A HAZA NEM ELADÓ",296
"30","SOMOGY",2,"Horváth László","A HAZA NEM ELADÓ",137
"31","BORSOD-ABAÚJ-ZEMPLÉN",2,"Iváncsó Zsolt","A HAZA NEM ELADÓ",255
"32","JÁSZ-NAGYKUN-SZOLNOK",2,"Jámbor László","A HAZA NEM ELADÓ",172
"33","ZALA",3,"Járási István","A HAZA NEM ELADÓ",217
"34","BÉKÉS",3,"Kásler Árpád","A HAZA NEM ELADÓ",2357
"35","CSONGRÁD",3,"Kasler Sándor","A HAZA NEM ELADÓ",542
"36","BORSOD-ABAÚJ-ZEMPLÉN",1,"Kiss Gáborné","A HAZA NEM ELADÓ",259
"37","BUDAPEST",10,"Kolozsváry István","A HAZA NEM ELADÓ",243
"38","PEST",12,"Kovács László","A HAZA NEM ELADÓ",260
"39","PEST",7,"Kovács Sándor Zoltán","A HAZA NEM ELADÓ",492
"40","PEST",5,"Kovacsics Imre","A HAZA NEM ELADÓ",643
"41","SZABOLCS-SZATMÁR-BEREG",6,"Kurucz Györgyné","A HAZA NEM ELADÓ",147
"42","NÓGRÁD",1,"Laukó Lenke","A HAZA NEM ELADÓ",401
"43","BÁCS-KISKUN",2,"Lovas Ildikó Éva","A HAZA NEM ELADÓ",347
"44","CSONGRÁD",4,"Muzsla Jánosné","A HAZA NEM ELADÓ",303
"45","BORSOD-ABAÚJ-ZEMPLÉN",7,"Nagy Lajos","A HAZA NEM ELADÓ",245
"46","BORSOD-ABAÚJ-ZEMPLÉN",6,"Németi Ilona","A HAZA NEM ELADÓ",201
"47","TOLNA",2,"Nyerges Attiláné","A HAZA NEM ELADÓ",242
"48","BORSOD-ABAÚJ-ZEMPLÉN",5,"Orsovai János","A HAZA NEM ELADÓ",153
"49","KOMÁROM-ESZTERGOM",1,"Pachl Tamás","A HAZA NEM ELADÓ",563
"50","HAJDÚ-BIHAR",5,"Papp Lajos","A HAZA NEM ELADÓ",419
"51","SOMOGY",1,"Pénzes István Györgyné","A HAZA NEM ELADÓ",235
"52","VESZPRÉM",1,"Piróth István","A HAZA NEM ELADÓ",262
"53","VESZPRÉM",2,"Puli Diána Klaudia","A HAZA NEM ELADÓ",300
"54","JÁSZ-NAGYKUN-SZOLNOK",4,"Sándor Gáborné","A HAZA NEM ELADÓ",294
"55","VESZPRÉM",3,"Szabó Ferenc","A HAZA NEM ELADÓ",234
"56","SZABOLCS-SZATMÁR-BEREG",5,"Szász József","A HAZA NEM ELADÓ",118
"57","HAJDÚ-BIHAR",3,"Székely János","A HAZA NEM ELADÓ",343
"58","HAJDÚ-BIHAR",1,"Szendrei Attila","A HAZA NEM ELADÓ",407
"59","BARANYA",3,"Szenes Zsolt","A HAZA NEM ELADÓ",368
"60","SZABOLCS-SZATMÁR-BEREG",3,"Szilcz Ildikó","A HAZA NEM ELADÓ",212
"61","KOMÁROM-ESZTERGOM",3,"Téglás Géza","A HAZA NEM ELADÓ",380
"62","HEVES",2,"Tenke János","A HAZA NEM ELADÓ",193
"63","SZABOLCS-SZATMÁR-BEREG",2,"Tolnai Tibor","A HAZA NEM ELADÓ",211
"64","VAS",3,"Tóth Attila Géza","A HAZA NEM ELADÓ",279
"65","CSONGRÁD",1,"Tóth Tibor","A HAZA NEM ELADÓ",390
"66","JÁSZ-NAGYKUN-SZOLNOK",3,"Tóthné Ábrahám Edit","A HAZA NEM ELADÓ",263
"67","PEST",9,"Tóthné Megyes Katalin","A HAZA NEM ELADÓ",296
"68","BARANYA",1,"Török Edina","A HAZA NEM ELADÓ",505
"69","NÓGRÁD",2,"Török Tamásné","A HAZA NEM ELADÓ",280
"70","HAJDÚ-BIHAR",6,"Töviskesné Dsupin Judit Ibolya","A HAZA NEM ELADÓ",353
"71","PEST",10,"Ujházi Károly","A HAZA NEM ELADÓ",225
"72","PEST",6,"Uzsokiné Lakó Éva","A HAZA NEM ELADÓ",679
"73","TOLNA",3,"Váczi Ferenc","A HAZA NEM ELADÓ",231
"74","PEST",2,"Varga Tamás","A HAZA NEM ELADÓ",343
"75","TOLNA",1,"Vass Szilvia","A HAZA NEM ELADÓ",289
"76","BUDAPEST",12,"Vörös János","A HAZA NEM ELADÓ",250
"77","BUDAPEST",15,"Kecskés D. Gusztáv","A VÁLASZ",155
"78","BORSOD-ABAÚJ-ZEMPLÉN",5,"Mata Szilárd","A VÁLASZ",84
"79","SOMOGY",3,"Dr. Palócz Mihályné","AQP",19
"80","TOLNA",2,"Marton Janka","AQP",33
"81","ZALA",3,"Marton Krisztián","AQP",69
"82","JÁSZ-NAGYKUN-SZOLNOK",1,"Nagy József","AQP",51
"83","PEST",10,"Oroszi István","AQP",17
"84","FEJÉR",5,"Pável Ágnes","AQP",21
"85","FEJÉR",4,"Szeibert Márton","AQP",34
"86","BUDAPEST",18,"Varga Péter Miklósné","AQP",119
"87","BARANYA",4,"Sós Miklósné","EGYIKSEM",71
"88","BUDAPEST",10,"Balasi Ágnes","EGYÜTT 2014",443
"89","BÁCS-KISKUN",5,"Balázs Beáta","EGYÜTT 2014",125
"90","BUDAPEST",15,"Balogh Istvánné","EGYÜTT 2014",197
"91","PEST",7,"Bosánszki Péter","EGYÜTT 2014",209
"92","BORSOD-ABAÚJ-ZEMPLÉN",6,"Budai Katalin","EGYÜTT 2014",153
"93","BUDAPEST",9,"Göncző Zoltán János","EGYÜTT 2014",286
"94","BORSOD-ABAÚJ-ZEMPLÉN",7,"Herczegh Józsefné","EGYÜTT 2014",68
"95","FEJÉR",2,"Huszti Józsefné","EGYÜTT 2014",174
"96","FEJÉR",3,"Huszti Lajos","EGYÜTT 2014",204
"97","BORSOD-ABAÚJ-ZEMPLÉN",1,"Janó Elemér","EGYÜTT 2014",182
"98","PEST",3,"Juhász Hilda","EGYÜTT 2014",321
"99","CSONGRÁD",1,"Király Renáta","EGYÜTT 2014",358
"100","PEST",8,"Kovács Gyula","EGYÜTT 2014",202
"101","GYŐR-MOSON-SOPRON",3,"Kovács Krisztián","EGYÜTT 2014",153
"102","SOMOGY",2,"Köves Ákos","EGYÜTT 2014",141
"103","BUDAPEST",14,"Kriskó Áron","EGYÜTT 2014",386
"104","PEST",10,"Lakatosné Ivanics Éva","EGYÜTT 2014",287
"105","BORSOD-ABAÚJ-ZEMPLÉN",4,"Mata Szabolcs","EGYÜTT 2014",89
"106","BORSOD-ABAÚJ-ZEMPLÉN",5,"Mata Szabolcsné","EGYÜTT 2014",88
"107","SOMOGY",4,"Mülléder Gábor","EGYÜTT 2014",154
"108","BÁCS-KISKUN",3,"Müller János Sándor","EGYÜTT 2014",186
"109","NÓGRÁD",2,"Nagy József","EGYÜTT 2014",166
"110","FEJÉR",5,"Németh Istvánné","EGYÜTT 2014",139
"111","PEST",11,"Orosz István Gábor","EGYÜTT 2014",287
"112","TOLNA",2,"Orsós István","EGYÜTT 2014",83
"113","HAJDÚ-BIHAR",6,"Papp István","EGYÜTT 2014",76
"114","PEST",6,"Rácz Adorján Barnabás","EGYÜTT 2014",217
"115","BÁCS-KISKUN",4,"Rostás Sarolta","EGYÜTT 2014",88
"116","SZABOLCS-SZATMÁR-BEREG",4,"Simó József","EGYÜTT 2014",67
"117","BORSOD-ABAÚJ-ZEMPLÉN",3,"Siroki Zsolt","EGYÜTT 2014",183
"118","FEJÉR",4,"Subecz Tamás","EGYÜTT 2014",209
"119","BÉKÉS",4,"Szabó Attila","EGYÜTT 2014",93
"120","SZABOLCS-SZATMÁR-BEREG",1,"Teremi László Sándorné","EGYÜTT 2014",110
"121","PEST",2,"Törökné Dzsaja Erzsébet Ildikó","EGYÜTT 2014",237
"122","FEJÉR",5,"Ács Sándor Józsefné","ÉLŐLÁNC",464
"123","BUDAPEST",14,"Diviki-Nagy Attila","ÉLŐLÁNC",113
"124","PEST",12,"Dr. Horváth Melinda Erzsébet","ÉLŐLÁNC",117
"125","SOMOGY",4,"Dr. Léhmann György","ÉLŐLÁNC",575
"126","BUDAPEST",13,"Hargitai István László","ÉLŐLÁNC",522
"127","BUDAPEST",8,"Horváth András","ÉLŐLÁNC",1006
"128","BÁCS-KISKUN",2,"Kohajda László István","ÉLŐLÁNC",333
"129","VESZPRÉM",3,"Lázár Péter László","ÉLŐLÁNC",80
"130","PEST",1,"Pacsuta Péter János","ÉLŐLÁNC",118
"131","ZALA",1,"Czirók Erika Aranka","EP",163
"132","ZALA",3,"Domokos Zsolt","EP",67
"133","BUDAPEST",17,"Dr. Gál András Tamás","EP",88
"134","SZABOLCS-SZATMÁR-BEREG",1,"Fábián Csaba János","EP",36
"135","PEST",1,"Fekete Kornélia","EP",67
"136","BUDAPEST",16,"Fodorné Hamar Ildikó","EP",64
"137","PEST",7,"Gajdos Márk Csaba","EP",75
"138","NÓGRÁD",1,"Kanyó Károly","EP",38
"139","BORSOD-ABAÚJ-ZEMPLÉN",7,"Kovács Viktorné","EP",34
"140","VESZPRÉM",4,"Mészáros Szabolcs","EP",123
"141","SZABOLCS-SZATMÁR-BEREG",4,"Nyerges József","EP",28
"142","FEJÉR",5,"Pál József","EP",33
"143","PEST",11,"Rapcsák Győző","EP",57
"144","PEST",3,"Sefcsik Ibolya","EP",37
"145","CSONGRÁD",2,"Tari János","EP",252
"146","BUDAPEST",7,"Tóth Attila Pál","EP",62
"147","BUDAPEST",9,"Vass Zsigmond László","EP",138
"148","PEST",11,"Bódiné Berényi Ágnes","EU. ROM",44
"149","NÓGRÁD",1,"Csikós Béla","EU. ROM",42
"150","VESZPRÉM",2,"Csonnó György Ferenc","EU. ROM",20
"151","PEST",6,"Gomány Mihály","EU. ROM",9
"152","VESZPRÉM",3,"Horváth Ferenc","EU. ROM",32
"153","HAJDÚ-BIHAR",4,"Horváth Gyula","EU. ROM",27
"154","BUDAPEST",16,"Keresztesi Gyöngyi Julianna","EU. ROM",26
"155","HAJDÚ-BIHAR",5,"Kovácsné Csatári Éva","EU. ROM",22
"156","SZABOLCS-SZATMÁR-BEREG",2,"Kovácsné Váradi Melinda","EU. ROM",50
"157","BORSOD-ABAÚJ-ZEMPLÉN",5,"Laczkó Gyula","EU. ROM",23
"158","BUDAPEST",9,"Mata András","EU. ROM",20
"159","BARANYA",4,"Orsós Zoltán","EU. ROM",39
"160","BARANYA",3,"Simonné Szép Ildikó","EU. ROM",30
"161","HEVES",2,"Suha Jenő","EU. ROM",75
"162","HEVES",1,"Szamkó Rozália","EU. ROM",19
"163","SZABOLCS-SZATMÁR-BEREG",6,"Szécsi Miklós","EU. ROM",51
"164","NÓGRÁD",2,"Szendreiné Kis Katalin","EU. ROM",26
"165","SZABOLCS-SZATMÁR-BEREG",5,"Szőcsi Richárd","EU. ROM",26
"166","FEJÉR",5,"Varga Andrea","EU. ROM",56
"167","SZABOLCS-SZATMÁR-BEREG",3,"Varga István","EU. ROM",0
"168","CSONGRÁD",4,"Havránek Ferenc","EURÓPAI BALOLDAL",273
"169","BARANYA",4,"Pöttendi János","EURÓPAI BALOLDAL",117
"170","VAS",2,"Ágh Péter","FIDESZ-KDNP",22792
"171","CSONGRÁD",2,"B Nagy László","FIDESZ-KDNP",23171
"172","NÓGRÁD",2,"Balla Mihály Tibor","FIDESZ-KDNP",24564
"173","BÁCS-KISKUN",5,"Bányai Gábor Elemér","FIDESZ-KDNP",20228
"174","NÓGRÁD",1,"Becsó Zsolt","FIDESZ-KDNP",18410
"175","KOMÁROM-ESZTERGOM",1,"Bencsik János","FIDESZ-KDNP",21434
"176","HAJDÚ-BIHAR",5,"Bodó Sándor","FIDESZ-KDNP",17657
"177","JÁSZ-NAGYKUN-SZOLNOK",4,"Boldog István","FIDESZ-KDNP",18524
"178","PEST",8,"Bóna Zoltán","FIDESZ-KDNP",20946
"179","PEST",9,"Czerván György","FIDESZ-KDNP",20595
"180","KOMÁROM-ESZTERGOM",3,"Czunyiné Dr. Bertalan Judit","FIDESZ-KDNP",23391
"181","PEST",2,"Csenger-Zalán Zsolt","FIDESZ-KDNP",28327
"182","ZALA",3,"Cseresnyés Péter","FIDESZ-KDNP",18279
"183","BARANYA",1,"Csizi Péter","FIDESZ-KDNP",18855
"184","BORSOD-ABAÚJ-ZEMPLÉN",1,"Csöbör Katalin","FIDESZ-KDNP",16602
"185","BÉKÉS",2,"Dankó Béla","FIDESZ-KDNP",19942
"186","BORSOD-ABAÚJ-ZEMPLÉN",4,"Demeter Zoltán","FIDESZ-KDNP",16696
"187","PEST",1,"Dr. Aradszki András","FIDESZ-KDNP",22271
"188","JÁSZ-NAGYKUN-SZOLNOK",1,"Dr. Bene Ildikó","FIDESZ-KDNP",19146
"189","CSONGRÁD",1,"Dr. Bohács Zsolt József","FIDESZ-KDNP",17346
"190","JÁSZ-NAGYKUN-SZOLNOK",3,"Dr. Fazekas Sándor","FIDESZ-KDNP",23201
"191","BUDAPEST",3,"Dr. Fónagy János Vilmos","FIDESZ-KDNP",24610
"192","FEJÉR",4,"Dr. Galambos Dénes","FIDESZ-KDNP",14826
"193","BUDAPEST",9,"Dr. György István","FIDESZ-KDNP",18851
"194","BARANYA",3,"Dr. Hargitai János György","FIDESZ-KDNP",21625
"195","VAS",1,"Dr. Hende Csaba Károly","FIDESZ-KDNP",20612
"196","BUDAPEST",11,"Dr. Hollósi Antal Gábor","FIDESZ-KDNP",18181
"197","BARANYA",2,"Dr. Hoppál Péter Tamás","FIDESZ-KDNP",17413
"198","BORSOD-ABAÚJ-ZEMPLÉN",5,"Dr. Hörcsik Richárd","FIDESZ-KDNP",19932
"199","VESZPRÉM",2,"Dr. Kontrát Károly","FIDESZ-KDNP",20854
"200","BÉKÉS",3,"Dr. Kovács József Dezső","FIDESZ-KDNP",19315
"201","VESZPRÉM",4,"Dr. Kovács Zoltán","FIDESZ-KDNP",22246
"202","CSONGRÁD",4,"Dr. Lázár János","FIDESZ-KDNP",20792
"203","BORSOD-ABAÚJ-ZEMPLÉN",6,"Dr. Mengyi Roland","FIDESZ-KDNP",19149
"204","GYŐR-MOSON-SOPRON",5,"Dr. Nagy István","FIDESZ-KDNP",22460
"205","VESZPRÉM",1,"Dr. Navracsics Tibor","FIDESZ-KDNP",22194
"206","HEVES",1,"Dr. Nyitrai Zsolt Péter","FIDESZ-KDNP",21151
"207","BUDAPEST",8,"Dr. Papcsák Ferenc","FIDESZ-KDNP",19772
"208","HAJDÚ-BIHAR",2,"Dr. Pósán László","FIDESZ-KDNP",19847
"209","BÁCS-KISKUN",1,"Dr. Salacz László","FIDESZ-KDNP",20558
"210","SZABOLCS-SZATMÁR-BEREG",3,"Dr. Seszták Miklós István","FIDESZ-KDNP",22257
"211","BUDAPEST",2,"Dr. Simicskó István","FIDESZ-KDNP",23963
"212","SZABOLCS-SZATMÁR-BEREG",6,"Dr. Simon Miklós","FIDESZ-KDNP",19768
"213","BUDAPEST",7,"Dr. Szalay Péter","FIDESZ-KDNP",16453
"214","PEST",7,"Dr. Szűcs Lajos","FIDESZ-KDNP",22109
"215","HAJDÚ-BIHAR",6,"Dr. Tiba István Csaba","FIDESZ-KDNP",18982
"216","SZABOLCS-SZATMÁR-BEREG",4,"Dr. Tilki Attila","FIDESZ-KDNP",23113
"217","PEST",5,"Dr. Tuzson Bence Balázs","FIDESZ-KDNP",24344
"218","BUDAPEST",6,"Dr. Vas Imre","FIDESZ-KDNP",15977
"219","SZABOLCS-SZATMÁR-BEREG",2,"Dr. Vinnai Győző","FIDESZ-KDNP",18322
"220","HAJDÚ-BIHAR",4,"Dr. Vitányi István József","FIDESZ-KDNP",17799
"221","KOMÁROM-ESZTERGOM",2,"Dr. Völner Pál","FIDESZ-KDNP",23475
"222","BÁCS-KISKUN",2,"Dr. Zombor Gábor Zoltán","FIDESZ-KDNP",22303
"223","BUDAPEST",14,"Dunai Mónika","FIDESZ-KDNP",22393
"224","CSONGRÁD",3,"Farkas Sándor","FIDESZ-KDNP",21911
"225","GYŐR-MOSON-SOPRON",4,"Firtl Mátyás Sándor","FIDESZ-KDNP",24698
"226","BÁCS-KISKUN",3,"Font Sándor","FIDESZ-KDNP",20833
"227","BUDAPEST",16,"Földesi Gyula","FIDESZ-KDNP",17523
"228","PEST",12,"Földi László","FIDESZ-KDNP",18732
"229","SOMOGY",1,"Gelencsér Attila","FIDESZ-KDNP",16524
"230","GYŐR-MOSON-SOPRON",3,"Gyopáros Alpár Ádám","FIDESZ-KDNP",24707
"231","PEST",3,"Hadházy Sándor","FIDESZ-KDNP",27364
"232","PEST",4,"Harrach Péter Pál","FIDESZ-KDNP",22193
"233","TOLNA",3,"Hirt Ferenc","FIDESZ-KDNP",18286
"234","TOLNA",1,"Horváth István","FIDESZ-KDNP",15997
"235","HEVES",2,"Horváth László Dezső","FIDESZ-KDNP",19798
"236","GYŐR-MOSON-SOPRON",2,"Kara Ákos","FIDESZ-KDNP",24593
"237","BUDAPEST",10,"Keszegné Menczer Erzsébet Livia","FIDESZ-KDNP",18394
"238","HAJDÚ-BIHAR",1,"Kósa Lajos","FIDESZ-KDNP",21013
"239","SZABOLCS-SZATMÁR-BEREG",5,"Kovács Sándor","FIDESZ-KDNP",21721
"240","BUDAPEST",15,"Kucsák László","FIDESZ-KDNP",20648
"241","BUDAPEST",12,"László Tamás","FIDESZ-KDNP",18955
"242","VESZPRÉM",3,"Lasztovicza Jenő","FIDESZ-KDNP",18570
"243","BÁCS-KISKUN",4,"Lezsák Sándor István","FIDESZ-KDNP",21634
"244","ZALA",2,"Manninger Jenő Vilmos","FIDESZ-KDNP",22351
"245","SOMOGY",3,"Móring József Attila","FIDESZ-KDNP",17616
"246","BUDAPEST",17,"Németh Szilárd István","FIDESZ-KDNP",18120
"247","PEST",11,"Pánczél Károly","FIDESZ-KDNP",23486
"248","SZABOLCS-SZATMÁR-BEREG",1,"Petneházy Szabolcs Attila","FIDESZ-KDNP",17484
"249","JÁSZ-NAGYKUN-SZOLNOK",2,"Pócs János","FIDESZ-KDNP",18200
"250","PEST",10,"Pogácsás Tibor János","FIDESZ-KDNP",19475
"251","TOLNA",2,"Potápi Árpád János","FIDESZ-KDNP",17547
"252","BORSOD-ABAÚJ-ZEMPLÉN",3,"Riz Gábor","FIDESZ-KDNP",15473
"253","BUDAPEST",1,"Rogán Antal","FIDESZ-KDNP",21503
"254","BUDAPEST",5,"Rónaszékiné Keresztes Monika Mária","FIDESZ-KDNP",16983
"255","BORSOD-ABAÚJ-ZEMPLÉN",2,"Sebestyén László","FIDESZ-KDNP",14560
"256","GYŐR-MOSON-SOPRON",1,"Simon Róbert Balázs","FIDESZ-KDNP",21560
"257","BÉKÉS",4,"Simonka György","FIDESZ-KDNP",20789
"258","HEVES",3,"Szabó Zsolt","FIDESZ-KDNP",20304
"259","BUDAPEST",18,"Szabolcs Attila","FIDESZ-KDNP",23189
"260","SOMOGY",2,"Szászfalvi László","FIDESZ-KDNP",15907
"261","BUDAPEST",13,"Szatmáry Kristóf","FIDESZ-KDNP",21445
"262","BORSOD-ABAÚJ-ZEMPLÉN",7,"Tállai András László","FIDESZ-KDNP",22124
"263","HAJDÚ-BIHAR",3,"Tasó László","FIDESZ-KDNP",21619
"264","FEJÉR",3,"Tessely Zoltán Károly","FIDESZ-KDNP",22571
"265","BARANYA",4,"Tiffán Zsolt","FIDESZ-KDNP",19563
"266","FEJÉR",2,"Törő Gábor","FIDESZ-KDNP",22177
"267","VAS",3,"V.Németh Zsolt","FIDESZ-KDNP",24271
"268","BÉKÉS",1,"Vantara Gyula","FIDESZ-KDNP",18364
"269","FEJÉR",5,"Varga Gábor","FIDESZ-KDNP",17576
"270","BUDAPEST",4,"Varga Mihály","FIDESZ-KDNP",24928
"271","FEJÉR",1,"Vargha Tamás János","FIDESZ-KDNP",19602
"272","PEST",6,"Vécsey László József","FIDESZ-KDNP",23745
"273","ZALA",1,"Vigh László","FIDESZ-KDNP",22816
"274","SOMOGY",4,"Witzmann Mihály","FIDESZ-KDNP",18591
"275","BÁCS-KISKUN",6,"Zsigó Róbert Vilmos","FIDESZ-KDNP",19286
"276","PEST",9,"Apáti Tibor","FKGP",104
"277","BORSOD-ABAÚJ-ZEMPLÉN",1,"Bárcziné Galambos Enikő","FKGP",68
"278","BARANYA",4,"Barla-Szabó Zsolt Tamás","FKGP",220
"279","ZALA",2,"Berkenyés István","FKGP",302
"280","BUDAPEST",17,"Blaskó András Zoltán","FKGP",96
"281","PEST",12,"Cseriné Demeter Bernadett","FKGP",234
"282","FEJÉR",4,"Dedecsik Ferenc","FKGP",234
"283","BARANYA",2,"Donáczi György János","FKGP",132
"284","ZALA",1,"Dr. Bor Tibor","FKGP",235
"285","FEJÉR",3,"Dr. Molnos Levente Lóránt","FKGP",345
"286","BUDAPEST",3,"Dr. Németh Julianna Erzsébet","FKGP",139
"287","PEST",6,"Dr. Penke András Mihály","FKGP",143
"288","BORSOD-ABAÚJ-ZEMPLÉN",6,"Dr. Török Pál","FKGP",193
"289","BORSOD-ABAÚJ-ZEMPLÉN",7,"Gaszner Róbert László","FKGP",91
"290","BORSOD-ABAÚJ-ZEMPLÉN",3,"Greskovits István","FKGP",230
"291","SZABOLCS-SZATMÁR-BEREG",1,"Gulácsiné Dr. Dobos Emőke","FKGP",77
"292","HEVES",2,"György Roland","FKGP",92
"293","NÓGRÁD",1,"Hajdara Roland","FKGP",63
"294","PEST",1,"Halász Ajtony Zsombor","FKGP",112
"295","SZABOLCS-SZATMÁR-BEREG",4,"Halász Csaba","FKGP",122
"296","JÁSZ-NAGYKUN-SZOLNOK",2,"Járvás István","FKGP",367
"297","BUDAPEST",9,"Kara Sándor","FKGP",100
"298","BUDAPEST",14,"Keller Tibor Mihály","FKGP",110
"299","JÁSZ-NAGYKUN-SZOLNOK",1,"Kézér Tamás","FKGP",212
"300","HAJDÚ-BIHAR",6,"Komoróczy Tibor Attila","FKGP",125
"301","VAS",1,"Kőrössy Tamás György","FKGP",100
"302","ZALA",3,"Kucséber Ervin","FKGP",202
"303","TOLNA",2,"Lécz György","FKGP",128
"304","SOMOGY",4,"Lécz Viktor György","FKGP",75
"305","CSONGRÁD",3,"Majdanics János","FKGP",149
"306","BORSOD-ABAÚJ-ZEMPLÉN",5,"Mizsik Diána","FKGP",161
"307","BUDAPEST",18,"Nagy Donát Boldizsár","FKGP",139
"308","JÁSZ-NAGYKUN-SZOLNOK",3,"Nagy Gyula","FKGP",80
"309","CSONGRÁD",4,"Novák Szabolcs Ákos","FKGP",72
"310","HEVES",3,"Oláh Károly","FKGP",67
"311","TOLNA",3,"Orbán Attila","FKGP",280
"312","BARANYA",1,"Ördög Margit Rozália","FKGP",124
"313","BORSOD-ABAÚJ-ZEMPLÉN",2,"Rivnyák Tibor","FKGP",58
"314","VAS",3,"Sallai Ivett","FKGP",98
"315","SOMOGY",2,"Sipos Zoltán","FKGP",122
"316","SOMOGY",3,"Szamosvári Szabolcs Sándor","FKGP",127
"317","NÓGRÁD",2,"Szilvási István","FKGP",115
"318","SOMOGY",1,"Szlobodics Gyula Károly","FKGP",93
"319","SZABOLCS-SZATMÁR-BEREG",6,"Tamás Sándor","FKGP",125
"320","KOMÁROM-ESZTERGOM",3,"Tenki Melinda","FKGP",203
"321","PEST",10,"Tóth Ferenc Tibor","FKGP",99
"322","CSONGRÁD",1,"Tóth István József","FKGP",205
"323","BORSOD-ABAÚJ-ZEMPLÉN",4,"Tóth Istvánné","FKGP",43
"324","JÁSZ-NAGYKUN-SZOLNOK",4,"Török Ferenc","FKGP",117
"325","SZABOLCS-SZATMÁR-BEREG",5,"Varga Gábor","FKGP",47
"326","BARANYA",3,"Bertanicz Vilmos Györgyné","Független",484
"327","BORSOD-ABAÚJ-ZEMPLÉN",3,"Császár Antal László","Független",124
"328","BUDAPEST",6,"Csorba Lajos","Független",323
"329","KOMÁROM-ESZTERGOM",2,"Dr. Nyirán Gergely","Független",639
"330","HAJDÚ-BIHAR",4,"Dr. Riczkó István","Független",453
"331","NÓGRÁD",1,"Dr. Turza Csaba József","Független",548
"332","SZABOLCS-SZATMÁR-BEREG",2,"Faragó László","Független",279
"333","NÓGRÁD",1,"Gazsiné Szekeres Márta","Független",99
"334","SOMOGY",1,"Gelencsér Balázs","Független",188
"335","FEJÉR",5,"Gottloz Tibor","Független",298
"336","BARANYA",1,"Gyócsi Győző Roland","Független",74
"337","NÓGRÁD",1,"Györki Tibor","Független",46
"338","BUDAPEST",16,"Halmy Gergely","Független",543
"339","PEST",6,"Herczeg Attila","Független",900
"340","HAJDÚ-BIHAR",5,"Horváth Csaba","Független",64
"341","BÉKÉS",4,"Horváth Marianna","Független",180
"342","HEVES",3,"Ivanics Róbert","Független",622
"343","HEVES",1,"Juhász Szabolcs","Független",279
"344","PEST",2,"Keller László","Független",1469
"345","ZALA",1,"Kiss Ferenc","Független",1382
"346","NÓGRÁD",1,"Klányi József","Független",40
"347","HAJDÚ-BIHAR",5,"Kovács Imre","Független",122
"348","CSONGRÁD",3,"Köröndi Máté","Független",667
"349","SZABOLCS-SZATMÁR-BEREG",4,"Lakatos Miklós","Független",45
"350","HAJDÚ-BIHAR",5,"Magyarné Marincsák Ibolya","Független",80
"351","HAJDÚ-BIHAR",5,"Makula Krisztián","Független",44
"352","CSONGRÁD",4,"Nagy Attila","Független",505
"353","JÁSZ-NAGYKUN-SZOLNOK",2,"Nagy János","Független",344
"354","SZABOLCS-SZATMÁR-BEREG",2,"Nagy János Csaba","Független",79
"355","SOMOGY",1,"Nagy Nándor Lajos","Független",90
"356","SZABOLCS-SZATMÁR-BEREG",1,"Nagy Róbert István","Független",124
"357","BARANYA",4,"Palásti János","Független",139
"358","BÉKÉS",3,"Papp Anikó","Független",654
"359","BARANYA",1,"Sárközi Lajos","Független",43
"360","BARANYA",1,"Szentes Richárd","Független",125
"361","SOMOGY",3,"Tóth Gábor","Független",197
"362","BÁCS-KISKUN",5,"Uray Erzsébet","Független",172
"363","BÁCS-KISKUN",3,"Üsztöke László","Független",159
"364","SZABOLCS-SZATMÁR-BEREG",6,"Váradi Gábor","Független",227
"365","TOLNA",3,"Gajnok Rómeó","HATMAP",9
"366","BÉKÉS",4,"Gombosné Bárdos Gabriella Éva","HATMAP",28
"367","ZALA",1,"Király Ildikó","HATMAP",35
"368","BÁCS-KISKUN",3,"Kissné Simonics Gabriella","HATMAP",23
"369","HEVES",3,"László Zsolt","HATMAP",13
"370","BARANYA",4,"Papp Csaba","HATMAP",51
"371","SOMOGY",2,"Pávay Miklós Györgyné","HATMAP",9
"372","BÁCS-KISKUN",4,"Ráska Ferenc János","HATMAP",23
"373","HEVES",2,"Rozinka Gyöngyi","HATMAP",27
"374","PEST",8,"Apró Tamás","JESZ",182
"375","BÁCS-KISKUN",6,"Atyánszky György Ernő","JESZ",125
"376","BUDAPEST",18,"Bagdi Károly","JESZ",123
"377","NÓGRÁD",1,"Baranyi István","JESZ",123
"378","GYŐR-MOSON-SOPRON",4,"Belákovics András","JESZ",315
"379","BÉKÉS",1,"Bencsik Pál","JESZ",121
"380","FEJÉR",3,"Borsos Sándor Ákos","JESZ",136
"381","VAS",1,"Bősze Csaba Bálint","JESZ",100
"382","PEST",5,"Budainé Kelemen Erzsébet","JESZ",277
"383","HAJDÚ-BIHAR",3,"Czeglédi Norbert Tamás","JESZ",71
"384","SZABOLCS-SZATMÁR-BEREG",1,"Dakó Attila","JESZ",127
"385","JÁSZ-NAGYKUN-SZOLNOK",2,"Dankó István","JESZ",210
"386","GYŐR-MOSON-SOPRON",5,"Deák János","JESZ",219
"387","BARANYA",3,"Dittrich Ferenc","JESZ",84
"388","JÁSZ-NAGYKUN-SZOLNOK",1,"Dr. Kenyeresné Kosik Ilona","JESZ",148
"389","SZABOLCS-SZATMÁR-BEREG",6,"Dr. Nagy Zsombor","JESZ",108
"390","BÁCS-KISKUN",2,"Dr. Vancsura István","JESZ",185
"391","SOMOGY",4,"Drexler Róbert Ferenc","JESZ",78
"392","JÁSZ-NAGYKUN-SZOLNOK",3,"Földesné Keresztes Mariann Szilvia","JESZ",83
"393","VESZPRÉM",2,"Fülöp Richárd","JESZ",196
"394","SZABOLCS-SZATMÁR-BEREG",5,"Gáldi Ádám György","JESZ",95
"395","BUDAPEST",15,"Gyimesi László","JESZ",174
"396","SZABOLCS-SZATMÁR-BEREG",3,"Gyüre Lajos","JESZ",179
"397","PEST",7,"Hanák Róbert","JESZ",221
"398","BARANYA",2,"Héjjas Illés Gábor","JESZ",136
"399","VESZPRÉM",4,"Hernádi Tamás","JESZ",164
"400","BORSOD-ABAÚJ-ZEMPLÉN",5,"Horváth Krisztián","JESZ",170
"401","VESZPRÉM",1,"Horváth Márton Imre","JESZ",332
"402","BUDAPEST",11,"Horváth Péter Gábor","JESZ",121
"403","GYŐR-MOSON-SOPRON",2,"Jámbor Zoltán","JESZ",288
"404","FEJÉR",1,"Juhász Gyuláné","JESZ",231
"405","SOMOGY",1,"Juhos Bence","JESZ",168
"406","HAJDÚ-BIHAR",6,"Kállai István Elek","JESZ",102
"407","SZABOLCS-SZATMÁR-BEREG",4,"Kárpáti Zoltán","JESZ",123
"408","BUDAPEST",12,"Kelemen Éva","JESZ",184
"409","BORSOD-ABAÚJ-ZEMPLÉN",6,"Kemény Endre","JESZ",92
"410","VESZPRÉM",3,"Kónya Krisztián Zsolt","JESZ",96
"411","PEST",4,"Kőfalvi László","JESZ",53
"412","PEST",12,"Laczkó Józsefné","JESZ",67
"413","HAJDÚ-BIHAR",2,"Lakatosné Marinka Andrea","JESZ",165
"414","BUDAPEST",14,"Magyar Márta","JESZ",232
"415","PEST",11,"Marján Péter György","JESZ",111
"416","HAJDÚ-BIHAR",5,"Máté Lajos","JESZ",749
"417","ZALA",3,"Molnár István","JESZ",169
"418","JÁSZ-NAGYKUN-SZOLNOK",4,"Nagy Andrásné","JESZ",94
"419","BUDAPEST",2,"Nagy Péter","JESZ",207
"420","BUDAPEST",16,"Nándori Ferenc","JESZ",116
"421","NÓGRÁD",2,"Németh László","JESZ",74
"422","HAJDÚ-BIHAR",4,"Németi Attila Sándor","JESZ",108
"423","SZABOLCS-SZATMÁR-BEREG",2,"Nyíri Sándor","JESZ",145
"424","SOMOGY",2,"Paluska János","JESZ",40
"425","FEJÉR",2,"Pap Kornélia","JESZ",189
"426","BUDAPEST",10,"Pásztor János Pál","JESZ",149
"427","PEST",9,"Pető László","JESZ",93
"428","SOMOGY",3,"Piltner Zsolt","JESZ",77
"429","KOMÁROM-ESZTERGOM",2,"Rajczy Péter Tamás","JESZ",224
"430","GYŐR-MOSON-SOPRON",1,"Remetei Tamás","JESZ",235
"431","GYŐR-MOSON-SOPRON",3,"Sándli Zsolt","JESZ",108
"432","PEST",3,"Skrobár Róbert","JESZ",192
"433","BÁCS-KISKUN",4,"Somodi Milán","JESZ",203
"434","ZALA",2,"Sütő János Zoltán","JESZ",132
"435","VAS",3,"Sütő János Zoltán","JESZ",75
"436","FEJÉR",5,"Szabó Ferenc","JESZ",75
"437","PEST",6,"Szabó Sándor","JESZ",132
"438","BUDAPEST",17,"Szarvas József","JESZ",119
"439","BUDAPEST",7,"Székely Mihály","JESZ",110
"440","BUDAPEST",6,"Szilassy Gábor Cézár","JESZ",113
"441","VAS",2,"Sztojka István","JESZ",82
"442","HAJDÚ-BIHAR",1,"Tankovszki András","JESZ",133
"443","KOMÁROM-ESZTERGOM",1,"Tokaji Attila","JESZ",200
"444","BORSOD-ABAÚJ-ZEMPLÉN",7,"Tóth Ferenc","JESZ",50
"445","BARANYA",1,"Tóth József","JESZ",179
"446","BUDAPEST",13,"Tóth László","JESZ",220
"447","BORSOD-ABAÚJ-ZEMPLÉN",3,"Tóth Melinda Anna","JESZ",133
"448","BUDAPEST",8,"Török Norbert Roland","JESZ",201
"449","PEST",1,"Turczer György","JESZ",130
"450","BARANYA",4,"Vadász Beáta","JESZ",173
"451","KOMÁROM-ESZTERGOM",3,"Vági Ágnes Csilla","JESZ",330
"452","BUDAPEST",9,"Varga István Tibor","JESZ",168
"453","BUDAPEST",5,"Varga Tibor László","JESZ",369
"454","BORSOD-ABAÚJ-ZEMPLÉN",4,"Zsiros László","JESZ",240
"455","SZABOLCS-SZATMÁR-BEREG",4,"Adorján Béla","JOBBIK",11516
"456","HAJDÚ-BIHAR",3,"Ágoston Tibor","JOBBIK",10441
"457","SOMOGY",2,"Ander Balázs","JOBBIK",8227
"458","FEJÉR",5,"Árgyelán János","JOBBIK",10926
"459","BORSOD-ABAÚJ-ZEMPLÉN",1,"Badány Lajos","JOBBIK",15050
"460","VAS",1,"Balassa Péter Sándor","JOBBIK",7034
"461","SZABOLCS-SZATMÁR-BEREG",1,"Balczó Zoltán György","JOBBIK",11138
"462","BORSOD-ABAÚJ-ZEMPLÉN",6,"Balla Gergő","JOBBIK",14009
"463","VAS",3,"Bana Tibor","JOBBIK",9379
"464","JÁSZ-NAGYKUN-SZOLNOK",1,"Baráth Zsolt György","JOBBIK",13157
"465","TOLNA",3,"Bencze János","JOBBIK",8288
"466","BUDAPEST",7,"Benke László","JOBBIK",4640
"467","SOMOGY",4,"Berkes Gábor","JOBBIK",7838
"468","PEST",6,"Bertha Szilvia Zsuzsanna","JOBBIK",10588
"469","BUDAPEST",4,"Bodor Zoltán","JOBBIK",3583
"470","JÁSZ-NAGYKUN-SZOLNOK",2,"Budai Lóránt","JOBBIK",12783
"471","PEST",9,"Csanádi Gábor Ferenc","JOBBIK",10198
"472","JÁSZ-NAGYKUN-SZOLNOK",4,"Csányi Tamás","JOBBIK",13436
"473","PEST",2,"Császárné Kollár Tímea Annamária","JOBBIK",6827
"474","VESZPRÉM",3,"Dobó Zoltán","JOBBIK",10110
"475","SZABOLCS-SZATMÁR-BEREG",5,"Dr. Apáti István","JOBBIK",11632
"476","BORSOD-ABAÚJ-ZEMPLÉN",7,"Dr. Bóta Mihály","JOBBIK",12829
"477","BÉKÉS",1,"Dr. Dévényi-Dabrowsky Géza Dániel","JOBBIK",9273
"478","BUDAPEST",12,"Dr. Gyenes Géza József","JOBBIK",7488
"479","SZABOLCS-SZATMÁR-BEREG",2,"Dr. Gyüre Csaba","JOBBIK",11755
"480","PEST",10,"Dr. Kereszturi Imre","JOBBIK",10648
"481","CSONGRÁD",4,"Dr. Kiss Attila","JOBBIK",11824
"482","SZABOLCS-SZATMÁR-BEREG",6,"Dr. Kiss Sándor","JOBBIK",11852
"483","JÁSZ-NAGYKUN-SZOLNOK",3,"Dr. Lukács László György","JOBBIK",11511
"484","FEJÉR",1,"Dr. Mező Balázs Béla","JOBBIK",7450
"485","BUDAPEST",18,"Dr. Staudt Gábor","JOBBIK",6784
"486","HAJDÚ-BIHAR",4,"Dr. Ulics Erika","JOBBIK",10873
"487","CSONGRÁD",3,"Dudás Zoltán Sándor","JOBBIK",11610
"488","BUDAPEST",6,"Dúró Dóra","JOBBIK",5560
"489","BORSOD-ABAÚJ-ZEMPLÉN",3,"Egyed Zsolt","JOBBIK",12148
"490","BÁCS-KISKUN",5,"Farkas Gergely","JOBBIK",9659
"491","FEJÉR",2,"Fazakas Attila Levente","JOBBIK",9668
"492","PEST",4,"Fehér Zsolt","JOBBIK",9493
"493","VESZPRÉM",4,"Ferenczi Gábor","JOBBIK",10030
"494","GYŐR-MOSON-SOPRON",1,"Fodor Roland Alexander","JOBBIK",6364
"495","VESZPRÉM",1,"Forgóné Kelemen Judit Andrea","JOBBIK",7759
"496","SZABOLCS-SZATMÁR-BEREG",3,"Földi István","JOBBIK",12276
"497","FEJÉR",3,"Gáspár Kornél Dániel","JOBBIK",8021
"498","GYŐR-MOSON-SOPRON",4,"Gőbl Gábor","JOBBIK",8178
"499","BARANYA",2,"Gyimesi Gábor Jenő","JOBBIK",9931
"500","BÁCS-KISKUN",1,"Gyöngyösi Márton Balázs","JOBBIK",8204
"501","BUDAPEST",1,"Hegedűs Lóránt Gézáné","JOBBIK",3713
"502","HAJDÚ-BIHAR",1,"Herpergel Róbert","JOBBIK",7805
"503","BÉKÉS",4,"Jámbor Nándor","JOBBIK",10403
"504","VESZPRÉM",2,"Kepli Lajos","JOBBIK",8716
"505","NÓGRÁD",2,"Kiss László","JOBBIK",11256
"506","BÁCS-KISKUN",4,"Kollár László","JOBBIK",8666
"507","BUDAPEST",8,"Kovács Béla","JOBBIK",5924
"508","HAJDÚ-BIHAR",2,"Kőszeghy Csanád Ábel","JOBBIK",9651
"509","BUDAPEST",13,"Kredits Krisztina","JOBBIK",5850
"510","HAJDÚ-BIHAR",6,"Kulcsár Gergely","JOBBIK",10828
"511","NÓGRÁD",1,"Kutas József","JOBBIK",11499
"512","BUDAPEST",17,"Léhmann Viktor","JOBBIK",9076
"513","GYŐR-MOSON-SOPRON",5,"Lipovits Máté","JOBBIK",8396
"514","PEST",8,"Lupa János","JOBBIK",9578
"515","GYŐR-MOSON-SOPRON",3,"Magyar Zoltán","JOBBIK",8478
"516","BUDAPEST",15,"Makai Tibor","JOBBIK",8493
"517","SOMOGY",3,"Mátyás Balázs Máté","JOBBIK",8503
"518","BÁCS-KISKUN",6,"Mészáros István","JOBBIK",6792
"519","SOMOGY",1,"Miháldinecz Gábor","JOBBIK",8931
"520","BORSOD-ABAÚJ-ZEMPLÉN",4,"Miklós Árpád","JOBBIK",12500
"521","HEVES",1,"Mirkóczki Ádám","JOBBIK",15410
"522","TOLNA",2,"Monostori János","JOBBIK",8606
"523","PEST",3,"Murányi Levente","JOBBIK",8167
"524","BARANYA",1,"Németh Zsolt","JOBBIK",8379
"525","BUDAPEST",2,"Novák Előd Attila","JOBBIK",4291
"526","KOMÁROM-ESZTERGOM",2,"Nunkovics Tibor","JOBBIK",10141
"527","PEST",5,"Nyiri Márton","JOBBIK",9641
"528","BÁCS-KISKUN",2,"Oberna Zoltán","JOBBIK",7548
"529","BUDAPEST",11,"Pajor Tibor","JOBBIK",6529
"530","BORSOD-ABAÚJ-ZEMPLÉN",2,"Pakusza Zoltán","JOBBIK",14425
"531","BORSOD-ABAÚJ-ZEMPLÉN",5,"Pasztorniczky István","JOBBIK",11561
"532","ZALA",1,"Pete Róbert","JOBBIK",10957
"533","FEJÉR",4,"Pintér Tamás","JOBBIK",10422
"534","PEST",1,"Pulai Edina","JOBBIK",8295
"535","VAS",2,"Rába Kálmán","JOBBIK",7447
"536","CSONGRÁD",1,"Rácz Tibor","JOBBIK",7463
"537","HAJDÚ-BIHAR",5,"Rigán István","JOBBIK",11070
"538","BÉKÉS",2,"Samu Tamás Gergő","JOBBIK",10958
"539","PEST",7,"Sas Zoltán","JOBBIK",10098
"540","ZALA",2,"Selmeczy Zsuzsanna","JOBBIK",10985
"541","HEVES",3,"Sneider Tamás","JOBBIK",15268
"542","BUDAPEST",5,"Stummer János","JOBBIK",4661
"543","BÁCS-KISKUN",3,"Suhajda Krisztián","JOBBIK",9397
"544","KOMÁROM-ESZTERGOM",3,"Szabó Mihály","JOBBIK",9909
"545","BUDAPEST",3,"Szávay István","JOBBIK",3220
"546","BUDAPEST",14,"Szilágyi György","JOBBIK",7427
"547","BARANYA",3,"Szőcs Norbert","JOBBIK",8137
"548","GYŐR-MOSON-SOPRON",2,"Takács Krisztián","JOBBIK",7714
"549","BUDAPEST",16,"Tokody Marcell Gergely","JOBBIK",7407
"550","CSONGRÁD",2,"Tóth Péter","JOBBIK",8160
"551","BUDAPEST",9,"Tubák István","JOBBIK",6975
"552","TOLNA",1,"Ürmös M. Attila","JOBBIK",7532
"553","KOMÁROM-ESZTERGOM",1,"Vágó Sebestyén","JOBBIK",7868
"554","BÉKÉS",3,"Varga Géza István","JOBBIK",7579
"555","BARANYA",4,"Vida Dezső Zoltán","JOBBIK",9081
"556","PEST",12,"Volner János","JOBBIK",12285
"557","HEVES",2,"Vona Gábor","JOBBIK",19159
"558","PEST",11,"Zábrácki László","JOBBIK",10003
"559","ZALA",3,"Zakó László","JOBBIK",12601
"560","BUDAPEST",10,"Zsiga-Kárpát Dániel Gábor","JOBBIK",6815
"561","SZABOLCS-SZATMÁR-BEREG",1,"Hornyák Péter Rajmund","KALÓZPÁRT",64
"562","SZABOLCS-SZATMÁR-BEREG",5,"Balogh Pál","KISGAZDAPÁRT-MIÉP",62
"563","VAS",2,"Danka Lajos","KISGAZDAPÁRT-MIÉP",193
"564","HAJDÚ-BIHAR",2,"Dr. Nagy Attila","KISGAZDAPÁRT-MIÉP",236
"565","BUDAPEST",12,"Dr. Oláh Lajos","KISGAZDAPÁRT-MIÉP",168
"566","SZABOLCS-SZATMÁR-BEREG",6,"Fekete Edit Klára","KISGAZDAPÁRT-MIÉP",51
"567","GYŐR-MOSON-SOPRON",3,"Fodor Zoltánné","KISGAZDAPÁRT-MIÉP",166
"568","SZABOLCS-SZATMÁR-BEREG",4,"Jenei Ferenc","KISGAZDAPÁRT-MIÉP",39
"569","SZABOLCS-SZATMÁR-BEREG",1,"Kádár János","KISGAZDAPÁRT-MIÉP",73
"570","SZABOLCS-SZATMÁR-BEREG",3,"Kulcsár Mária","KISGAZDAPÁRT-MIÉP",113
"571","NÓGRÁD",1,"Kürti István","KISGAZDAPÁRT-MIÉP",56
"572","SZABOLCS-SZATMÁR-BEREG",2,"Nagy Tibor Barnabás","KISGAZDAPÁRT-MIÉP",558
"573","BORSOD-ABAÚJ-ZEMPLÉN",4,"Soltész Imre István","KISGAZDAPÁRT-MIÉP",91
"574","CSONGRÁD",4,"Tóth Ernő","KISGAZDAPÁRT-MIÉP",97
"575","BORSOD-ABAÚJ-ZEMPLÉN",7,"Vass József","KISGAZDAPÁRT-MIÉP",151
"576","KOMÁROM-ESZTERGOM",1,"Farkas Andrea","KMSZ",43
"577","VAS",3,"Góman Károlyné","KMSZ",50
"578","KOMÁROM-ESZTERGOM",3,"Gomán Zsolt","KMSZ",53
"579","BARANYA",3,"Kecskemétiné Gomán Emma Rozália","KMSZ",76
"580","BUDAPEST",16,"Lakatos Edit","KMSZ",61
"581","PEST",4,"Lakatos Istvánné","KMSZ",77
"582","NÓGRÁD",2,"Lakatos Nikoletta","KMSZ",0
"583","PEST",8,"Máté Ferenc","KMSZ",48
"584","HEVES",3,"Szőcs István","KMSZ",54
"585","GYŐR-MOSON-SOPRON",5,"Virág Mihályné","KMSZ",70
"586","BARANYA",4,"Zsolnai Péterné","KMSZ",49
"587","SZABOLCS-SZATMÁR-BEREG",6,"Avakov Nyikolaj Viktorovics","KTI",19
"588","VESZPRÉM",3,"Barbalics Antal","KTI",232
"589","BARANYA",1,"Barna László István","KTI",329
"590","ZALA",3,"Barna Magdolna","KTI",174
"591","BARANYA",3,"Bíró Zsolt","KTI",247
"592","FEJÉR",3,"Birtalan József","KTI",159
"593","HEVES",3,"Botos Ferenc","KTI",251
"594","BÁCS-KISKUN",6,"Czöndör Gyula","KTI",108
"595","NÓGRÁD",1,"Dancsó János","KTI",290
"596","SOMOGY",4,"Dömös Imre","KTI",129
"597","JÁSZ-NAGYKUN-SZOLNOK",2,"Dr. Liszák János","KTI",134
"598","TOLNA",3,"Eszenyi Gábor","KTI",115
"599","BUDAPEST",14,"Falus Zsolt Ferenc","KTI",333
"600","BORSOD-ABAÚJ-ZEMPLÉN",4,"Guba Csabáné","KTI",122
"601","BÁCS-KISKUN",5,"Gyovai István","KTI",741
"602","PEST",5,"Horváth Ferenc","KTI",240
"603","BÁCS-KISKUN",4,"Horváth Ferenc Antalné","KTI",181
"604","HEVES",2,"Ivády Gábor","KTI",283
"605","KOMÁROM-ESZTERGOM",1,"Juhász Zoltán Ákos","KTI",141
"606","BUDAPEST",17,"Kállai József","KTI",167
"607","HAJDÚ-BIHAR",5,"Kapornaki Szilveszter Márió","KTI",84
"608","SZABOLCS-SZATMÁR-BEREG",4,"Katona Gina","KTI",154
"609","BARANYA",2,"Kittl János István","KTI",285
"610","SOMOGY",3,"Klikkné Horváth Cecília Margit","KTI",135
"611","CSONGRÁD",4,"Kovács Irén Judit","KTI",148
"612","BUDAPEST",18,"Köhler Ákos Tamás","KTI",179
"613","SZABOLCS-SZATMÁR-BEREG",2,"Lakatos Lászlóné","KTI",79
"614","BUDAPEST",8,"Láng Márta","KTI",474
"615","KOMÁROM-ESZTERGOM",2,"Makai Balázs István","KTI",127
"616","BUDAPEST",12,"Makai Ferenc Mihály","KTI",213
"617","BUDAPEST",6,"Makai Istvánné","KTI",122
"618","FEJÉR",5,"Márton Andrea","KTI",98
"619","GYŐR-MOSON-SOPRON",1,"Molnár Zsolt","KTI",130
"620","CSONGRÁD",1,"Németh István","KTI",141
"621","FEJÉR",1,"Óber László","KTI",253
"622","SOMOGY",2,"Pandur László Gábor","KTI",141
"623","BÁCS-KISKUN",2,"Papp Jánosné","KTI",138
"624","VAS",2,"Rába László","KTI",295
"625","TOLNA",1,"Reiter Antal Józsefné","KTI",112
"626","BÁCS-KISKUN",1,"Ruszkovics János","KTI",248
"627","PEST",6,"Sándor István","KTI",223
"628","PEST",9,"Sárköziné Juhász Gyöngyi","KTI",124
"629","BUDAPEST",16,"Schnabl Marianna","KTI",167
"630","VAS",1,"Simon Zoltán Antal","KTI",262
"631","BUDAPEST",15,"Szabó József","KTI",189
"632","FEJÉR",4,"Szabó Sándor","KTI",103
"633","FEJÉR",2,"Szebek Mihály István","KTI",159
"634","PEST",10,"Szikora Zoltán Ferencné","KTI",113
"635","BUDAPEST",3,"Szuna Ferenc","KTI",157
"636","PEST",8,"Takács Gábor","KTI",218
"637","SZABOLCS-SZATMÁR-BEREG",1,"Tamás László Ferenc","KTI",58
"638","BARANYA",4,"Tari József","KTI",134
"639","BÁCS-KISKUN",3,"Tóth József","KTI",157
"640","NÓGRÁD",2,"Tóth Zoltán","KTI",208
"641","BÉKÉS",2,"Urbancsok Istvánné","KTI",182
"642","BORSOD-ABAÚJ-ZEMPLÉN",3,"Vágó Lajos Béla","KTI",46
"643","PEST",4,"Vojnovits Erzsébet","KTI",100
"644","BARANYA",4,"Angyal Károly Tibor","LMP",1439
"645","VAS",3,"Baracska Péter Róbert","LMP",1358
"646","BUDAPEST",8,"Barta János","LMP",4961
"647","SZABOLCS-SZATMÁR-BEREG",4,"Bartha Olivér","LMP",449
"648","GYŐR-MOSON-SOPRON",4,"Bebesi József Lajos","LMP",3097
"649","FEJÉR",1,"Bialkó László Gergő","LMP",2725
"650","VAS",2,"Bogáti András","LMP",1686
"651","BUDAPEST",2,"Csárdi Antal","LMP",4615
"652","VESZPRÉM",2,"Cséby Géza Attila","LMP",2246
"653","BUDAPEST",5,"Csiba Katalin Gyöngyvér","LMP",5348
"654","BUDAPEST",4,"Dárdai Zsuzsanna Terézia","LMP",4618
"655","PEST",4,"Dengelegi Klára Zsuzsanna","LMP",1991
"656","TOLNA",2,"Dömötörné Solymár Orsika","LMP",1105
"657","SZABOLCS-SZATMÁR-BEREG",3,"Dr. Balogh Emese Ilona","LMP",785
"658","HEVES",1,"Dr. Csarnó Ákos","LMP",2528
"659","TOLNA",1,"Dr. Hadházy Ákos Ányos","LMP",4182
"660","BARANYA",2,"Dr. Keresztes László Lóránt","LMP",3650
"661","BARANYA",1,"Dr. Kóbor József","LMP",4489
"662","HEVES",2,"Dr. Lukács Zoltán","LMP",1360
"663","HAJDÚ-BIHAR",4,"Dr. Majoros Imre","LMP",1028
"664","ZALA",1,"Dr. Paksy Zoltán","LMP",2196
"665","JÁSZ-NAGYKUN-SZOLNOK",1,"Dr. Pető Ernő Zoltán","LMP",2303
"666","BUDAPEST",14,"Dr. Schmuck Erzsébet","LMP",3395
"667","PEST",2,"Dr. Szél Bernadett","LMP",6607
"668","BORSOD-ABAÚJ-ZEMPLÉN",6,"Dr. Tarnai Gábor Elemér","LMP",1211
"669","BORSOD-ABAÚJ-ZEMPLÉN",5,"Dr. Tóth István","LMP",1045
"670","BORSOD-ABAÚJ-ZEMPLÉN",1,"Emődi Zoltán","LMP",1624
"671","BÁCS-KISKUN",2,"Falusi Norbert","LMP",2295
"672","SOMOGY",1,"Felder Frigyes","LMP",2058
"673","BUDAPEST",16,"Ferenczi István","LMP",2939
"674","SOMOGY",3,"Filák Péter","LMP",1194
"675","PEST",12,"Földi Áron","LMP",1359
"676","BÉKÉS",3,"Földi Mihály István","LMP",1101
"677","SOMOGY",4,"Gál Ferenc","LMP",1556
"678","BUDAPEST",18,"Gecsei-Tóth Andrea","LMP",3601
"679","VESZPRÉM",1,"Gerstmár Ferenc","LMP",2904
"680","GYŐR-MOSON-SOPRON",5,"Goda Bálint Zsolt","LMP",2177
"681","HAJDÚ-BIHAR",2,"Görög Jenő","LMP",2363
"682","BORSOD-ABAÚJ-ZEMPLÉN",4,"Gulyás Pál","LMP",859
"683","CSONGRÁD",3,"Gurdon Lajos","LMP",1794
"684","KOMÁROM-ESZTERGOM",1,"Gutai Zsolt","LMP",2473
"685","VESZPRÉM",3,"Guzslován Gábor","LMP",1276
"686","BUDAPEST",3,"Hajdu Mária","LMP",5321
"687","TOLNA",3,"Harmat Gabriella","LMP",1284
"688","BARANYA",3,"Hartweg Ildikó Anna","LMP",1890
"689","HAJDÚ-BIHAR",1,"Horváth András","LMP",2418
"690","VAS",1,"Horváth Zoltán","LMP",2841
"691","BÁCS-KISKUN",6,"Ikotity István","LMP",1835
"692","FEJÉR",4,"Illéssy István","LMP",1811
"693","BUDAPEST",6,"Jakabfy Tamás","LMP",3474
"694","PEST",8,"Jaksa-Ladányi Emma Zsuzsánna","LMP",2605
"695","GYŐR-MOSON-SOPRON",2,"Jenei Ferenc","LMP",2089
"696","PEST",5,"Juhász Péter","LMP",4515
"697","HAJDÚ-BIHAR",3,"Kádi István Lajos","LMP",1300
"698","FEJÉR",2,"Kalmár András","LMP",1944
"699","PEST",3,"Kardos-Horváth János","LMP",4184
"700","BUDAPEST",15,"Kassai Dániel","LMP",3448
"701","BÁCS-KISKUN",4,"Kiss Kálmán Tibor","LMP",1387
"702","NÓGRÁD",1,"Komlósi Csaba","LMP",1286
"703","HAJDÚ-BIHAR",5,"Kreith Anita Márta","LMP",1126
"704","BÁCS-KISKUN",1,"Kriskó Dávid Gábor","LMP",2134
"705","SOMOGY",2,"Kutas Viktor Csaba","LMP",764
"706","BÁCS-KISKUN",5,"Lapos Péter","LMP",913
"707","PEST",6,"Lengyel Szilvia","LMP",3544
"708","GYŐR-MOSON-SOPRON",1,"Madarász Zsuzsanna","LMP",2468
"709","BÁCS-KISKUN",3,"Makádi Balázs","LMP",1457
"710","SZABOLCS-SZATMÁR-BEREG",6,"Máté György Ákos","LMP",587
"711","JÁSZ-NAGYKUN-SZOLNOK",2,"Ménkű Ottó","LMP",1027
"712","PEST",9,"Mikus Csaba","LMP",1183
"713","BORSOD-ABAÚJ-ZEMPLÉN",2,"Mile Lajos","LMP",1555
"714","BUDAPEST",13,"Mizsei László","LMP",3201
"715","BUDAPEST",7,"Moldován László","LMP",3821
"716","CSONGRÁD",4,"Nagy-Bandó András","LMP",3312
"717","BÉKÉS",4,"Nagy Gábor","LMP",1487
"718","ZALA",2,"Németh Áron Csaba","LMP",1792
"719","VESZPRÉM",4,"Nyőgér István","LMP",1274
"720","JÁSZ-NAGYKUN-SZOLNOK",3,"Péntek Ildikó","LMP",948
"721","PEST",7,"Pintér Sándor","LMP",2296
"722","KOMÁROM-ESZTERGOM",2,"Prommer Mátyás Jenő","LMP",2213
"723","BUDAPEST",11,"Rákosi Judit","LMP",3935
"724","BÉKÉS",2,"Rigler Miklós","LMP",1576
"725","JÁSZ-NAGYKUN-SZOLNOK",4,"Sallai Róbert Benedek","LMP",1128
"726","BUDAPEST",1,"Schiffer András","LMP",6482
"727","KOMÁROM-ESZTERGOM",3,"Szabados Sándor","LMP",2231
"728","SZABOLCS-SZATMÁR-BEREG",1,"Szabolcsi Beáta","LMP",1881
"729","GYŐR-MOSON-SOPRON",3,"Szakács Gyula","LMP",1268
"730","BUDAPEST",10,"Száraz Dorottya","LMP",4593
"731","FEJÉR",5,"Szatmári Ildikó","LMP",942
"732","BORSOD-ABAÚJ-ZEMPLÉN",3,"Szilágyi Imre","LMP",612
"733","BUDAPEST",12,"Szilvágyi László","LMP",3306
"734","BÉKÉS",1,"Takács Péter","LMP",2678
"735","CSONGRÁD",1,"Tanács Eszter","LMP",3956
"736","CSONGRÁD",2,"Tatár Gábor","LMP",3475
"737","SZABOLCS-SZATMÁR-BEREG",5,"Tempfli József","LMP",494
"738","BUDAPEST",17,"Tenk András","LMP",3076
"739","BUDAPEST",9,"Tóth Balázs","LMP",3356
"740","SZABOLCS-SZATMÁR-BEREG",2,"Tóth Miklós","LMP",957
"741","HEVES",3,"Tóth Norbert","LMP",1114
"742","PEST",10,"Török László","LMP",1515
"743","ZALA",3,"Tringer Ferenc Péter","LMP",1516
"744","BORSOD-ABAÚJ-ZEMPLÉN",7,"Vajda Béla","LMP",917
"745","FEJÉR",3,"Varga György","LMP",2677
"746","PEST",1,"Varga Illés Levente","LMP",2923
"747","HAJDÚ-BIHAR",6,"Weiser Írisz Vica","LMP",1136
"748","PEST",11,"Zagyva Gabriella","LMP",2181
"749","NÓGRÁD",2,"Zagyvai Sándor","LMP",1542
"750","PEST",8,"Agócs Ildikó","MACSEP",38
"751","BÉKÉS",2,"Ásós Tibor","MACSEP",88
"752","SZABOLCS-SZATMÁR-BEREG",6,"Balogh István","MACSEP",0
"753","SZABOLCS-SZATMÁR-BEREG",3,"Balogh István Csaba","MACSEP",0
"754","SZABOLCS-SZATMÁR-BEREG",5,"Balogh István Zoltán","MACSEP",0
"755","HAJDÚ-BIHAR",5,"Balogh Kálmán","MACSEP",9
"756","BORSOD-ABAÚJ-ZEMPLÉN",7,"Balogh Mónika","MACSEP",0
"757","BORSOD-ABAÚJ-ZEMPLÉN",5,"Bancsók Zsolt","MACSEP",0
"758","BORSOD-ABAÚJ-ZEMPLÉN",6,"Bancsók Zsolt","MACSEP",56
"759","BÁCS-KISKUN",6,"Bogdán József","MACSEP",26
"760","CSONGRÁD",1,"Dékány László","MACSEP",0
"761","BARANYA",4,"Farkas Mihály Istvánné","MACSEP",0
"762","BÉKÉS",3,"Gémes László","MACSEP",23
"763","PEST",10,"Gulyás Nikoletta","MACSEP",0
"764","FEJÉR",3,"Huszti Dávid","MACSEP",0
"765","FEJÉR",2,"Huszti Lajos","MACSEP",0
"766","FEJÉR",5,"Huszti Róbert","MACSEP",0
"767","BARANYA",2,"Kiss Zoltán","MACSEP",38
"768","BÁCS-KISKUN",4,"Kolompár Attila","MACSEP",10
"769","BÁCS-KISKUN",3,"Korsós Ádám János","MACSEP",25
"770","BARANYA",3,"Kovács Béláné","MACSEP",0
"771","TOLNA",1,"Kovács Irma Tünde","MACSEP",18
"772","BÉKÉS",1,"Kürti Magdolna","MACSEP",21
"773","BÁCS-KISKUN",5,"Logó Ilona Rita","MACSEP",24
"774","BÁCS-KISKUN",2,"Mányi István","MACSEP",14
"775","BÉKÉS",4,"Mezei János","MACSEP",28
"776","NÓGRÁD",1,"Nagy Józsefné","MACSEP",0
"777","BÁCS-KISKUN",1,"Orbán Gyula","MACSEP",32
"778","TOLNA",2,"Orsós Istvánné","MACSEP",23
"779","HAJDÚ-BIHAR",6,"Papp Csilla","MACSEP",51
"780","CSONGRÁD",3,"Rostás Aranka","MACSEP",0
"781","TOLNA",3,"Sárköziné Rafai Nikoletta","MACSEP",23
"782","BORSOD-ABAÚJ-ZEMPLÉN",3,"Seres Géza","MACSEP",0
"783","HAJDÚ-BIHAR",3,"Tóth Csaba István","MACSEP",65
"784","NÓGRÁD",2,"Vidák Zoltán","MACSEP",0
"785","BARANYA",1,"Zilinszki Zita","MACSEP",0
"786","BÁCS-KISKUN",6,"Bálint Hajnalka","MAJP",58
"787","FEJÉR",2,"Abházi Ernő","MCF",73
"788","BÉKÉS",4,"Balogh Mónika","MCF",10
"789","TOLNA",1,"Bátori Mihály Krisztián","MCF",17
"790","KOMÁROM-ESZTERGOM",1,"Bihari Ervin","MCF",22
"791","FEJÉR",3,"Bogdán János","MCF",39
"792","BARANYA",2,"Dallos Norbert","MCF",0
"793","BUDAPEST",17,"Daróczi József","MCF",52
"794","BARANYA",3,"Fodor Antal","MCF",0
"795","CSONGRÁD",1,"Frank-Csipak Csaba István","MCF",15
"796","PEST",3,"Gáspár Tibor","MCF",72
"797","NÓGRÁD",2,"Halasi Miklós","MCF",93
"798","PEST",8,"Jakab Mihály","MCF",6
"799","BARANYA",1,"Kissné Patkós Gyöngyi Hajnalka","MCF",0
"800","BUDAPEST",9,"Kovács Julianna","MCF",26
"801","BÁCS-KISKUN",6,"Krizsák Péter","MCF",15
"802","PEST",6,"Oláh Árpád","MCF",52
"803","BÁCS-KISKUN",3,"Sztojka Mariann","MCF",48
"804","BARANYA",4,"Sztojka Norbert","MCF",0
"805","HAJDÚ-BIHAR",3,"Alföldi-Lakatos Gábor","MCP",256
"806","PEST",2,"Anyalai Béla","MCP",81
"807","KOMÁROM-ESZTERGOM",2,"Balázs Mária Borbála","MCP",85
"808","BÉKÉS",4,"Balogh Csaba","MCP",108
"809","HAJDÚ-BIHAR",6,"Balogh Gusztáv","MCP",254
"810","BUDAPEST",9,"Balogh István Lajos","MCP",33
"811","HEVES",1,"Barkóczi Géza","MCP",249
"812","SOMOGY",2,"Bogdán Csaba","MCP",278
"813","VESZPRÉM",3,"Bogdán Levente","MCP",44
"814","ZALA",3,"Bogdán Zoltán","MCP",249
"815","BORSOD-ABAÚJ-ZEMPLÉN",7,"Bordás Géza","MCP",454
"816","BORSOD-ABAÚJ-ZEMPLÉN",2,"Botos Ferenc","MCP",334
"817","HEVES",3,"Burai Ferenc","MCP",160
"818","BUDAPEST",7,"Csík Tamás","MCP",67
"819","SZABOLCS-SZATMÁR-BEREG",4,"Demeter István","MCP",167
"820","BARANYA",4,"Dörömböző Gyula","MCP",170
"821","BUDAPEST",11,"Dr. Horváth Ferenc","MCP",84
"822","SZABOLCS-SZATMÁR-BEREG",1,"Duka Dezső","MCP",198
"823","ZALA",2,"Fenyvesi Tibor","MCP",133
"824","KOMÁROM-ESZTERGOM",3,"Gasparovicsné Oláh Manuéla","MCP",52
"825","BORSOD-ABAÚJ-ZEMPLÉN",1,"Gulyás Gyula","MCP",285
"826","BORSOD-ABAÚJ-ZEMPLÉN",3,"Harkály Csaba","MCP",350
"827","BUDAPEST",6,"Horváth Aladár","MCP",212
"828","SZABOLCS-SZATMÁR-BEREG",5,"Horváth Antal","MCP",231
"829","VAS",3,"Horváth Csabáné","MCP",47
"830","VESZPRÉM",4,"Horváth Sándor","MCP",62
"831","JÁSZ-NAGYKUN-SZOLNOK",1,"Jakab János","MCP",126
"832","JÁSZ-NAGYKUN-SZOLNOK",3,"Kalló Levente","MCP",85
"833","PEST",8,"Kanalas József","MCP",19
"834","VESZPRÉM",1,"Kerpács István","MCP",51
"835","PEST",12,"Keskeny Rudolfné","MCP",46
"836","HAJDÚ-BIHAR",5,"Kolompár Ferenc","MCP",79
"837","CSONGRÁD",3,"Kordás Adrienn","MCP",59
"838","VAS",2,"Kovács Attila","MCP",54
"839","FEJÉR",2,"Kovács Tamás","MCP",25
"840","CSONGRÁD",1,"Kozák Dávid","MCP",61
"841","BUDAPEST",16,"Lakatos Attila","MCP",61
"842","FEJÉR",1,"Lakatos Gabriella","MCP",75
"843","JÁSZ-NAGYKUN-SZOLNOK",4,"Lakatos Gusztáv","MCP",83
"844","BORSOD-ABAÚJ-ZEMPLÉN",4,"Lakatos Krisztián","MCP",538
"845","BORSOD-ABAÚJ-ZEMPLÉN",5,"Lakatos Tibor","MCP",490
"846","BORSOD-ABAÚJ-ZEMPLÉN",6,"Lázi Zoltán","MCP",267
"847","KOMÁROM-ESZTERGOM",1,"Lévai István","MCP",21
"848","FEJÉR",5,"Majláth László","MCP",80
"849","BARANYA",3,"Mihálovics Ibolya","MCP",135
"850","ZALA",1,"Németh Brendon Zsolt","MCP",79
"851","BÁCS-KISKUN",3,"Oláh Zsoltné","MCP",48
"852","BÁCS-KISKUN",2,"Orbán Gyula","MCP",93
"853","SZABOLCS-SZATMÁR-BEREG",6,"Orgován Zoltán","MCP",266
"854","VESZPRÉM",2,"Orsós László Vendel","MCP",50
"855","PEST",6,"Pikács Pálné","MCP",177
"856","BÁCS-KISKUN",1,"Pintér Kálmán","MCP",99
"857","NÓGRÁD",2,"Rácz Jenő","MCP",223
"858","PEST",10,"Radics József","MCP",58
"859","TOLNA",3,"Rafael Gyula","MCP",76
"860","HEVES",2,"Rézműves Róbert","MCP",90
"861","BÉKÉS",3,"Sajtos László","MCP",46
"862","TOLNA",1,"Sárközi Jánosné","MCP",115
"863","HAJDÚ-BIHAR",4,"Szilágyi Károly","MCP",81
"864","NÓGRÁD",1,"Szőrös Zita","MCP",269
"865","SZABOLCS-SZATMÁR-BEREG",3,"Varga Zoltán","MCP",262
"866","HEVES",3,"Ács Péter","MDU",15
"867","PEST",7,"Gyuriczáné Koncz Mónika","MDU",52
"868","PEST",10,"Havasiné Gölöncsér Aranka","MDU",26
"869","HEVES",2,"Huszárné Luda Ágnes","MDU",22
"870","ZALA",1,"Jambrik Gézáné","MDU",31
"871","VESZPRÉM",2,"Kincses Mária Rózsa","MDU",46
"872","BÁCS-KISKUN",3,"Kiss János","MDU",36
"873","TOLNA",3,"Kulcsár Virág Mónika","MDU",24
"874","CSONGRÁD",1,"Nagy István","MDU",34
"875","BÉKÉS",4,"Nemes Miklós","MDU",25
"876","BORSOD-ABAÚJ-ZEMPLÉN",4,"Ormós László","MDU",88
"877","CSONGRÁD",2,"Ördög István","MDU",130
"878","JÁSZ-NAGYKUN-SZOLNOK",4,"Szabó Hajnalka","MDU",56
"879","BARANYA",4,"Szabó Tünde Andrea","MDU",25
"880","BORSOD-ABAÚJ-ZEMPLÉN",2,"Tamás János","MDU",83
"881","BÁCS-KISKUN",4,"Vályi Bettina","MDU",34
"882","PEST",1,"Varga Andrea","MDU",35
"883","SOMOGY",2,"Kristóf Csaba","MEGÚJULÁSPÁRT",52
"884","PEST",4,"Batáné Burik Anna","MGP",36
"885","PEST",6,"Béres József","MGP",85
"886","CSONGRÁD",1,"Czeróczki Zoltán","MGP",86
"887","CSONGRÁD",4,"Csőköly Sándor","MGP",172
"888","PEST",12,"Erdei Tünde","MGP",54
"889","CSONGRÁD",2,"Farkasné Kismárton Éva","MGP",269
"890","CSONGRÁD",3,"Fekete Mihály","MGP",0
"891","PEST",9,"Győri Tibor","MGP",53
"892","BÁCS-KISKUN",6,"Gyulánszki István","MGP",41
"893","JÁSZ-NAGYKUN-SZOLNOK",1,"Hadvina Zsolt József","MGP",112
"894","SZABOLCS-SZATMÁR-BEREG",6,"Horváth Jenőné","MGP",41
"895","JÁSZ-NAGYKUN-SZOLNOK",2,"Korsós András","MGP",24
"896","HAJDÚ-BIHAR",1,"Kovács István József","MGP",63
"897","VESZPRÉM",3,"Németh Ferenc","MGP",47
"898","FEJÉR",3,"Paksi Imre","MGP",150
"899","BARANYA",4,"Rémes Árpád Csaba","MGP",63
"900","BÁCS-KISKUN",5,"Sinka Antal","MGP",56
"901","SOMOGY",1,"Varga Roland","MGP",40
"902","BÁCS-KISKUN",2,"Verebély András Pál","MGP",83
"903","ZALA",1,"Zsömlye György","MGP",59
"904","PEST",4,"Bánhegyi Ildikó Mária","MKSZU",46
"905","SOMOGY",4,"Barabás Tibor András","MKSZU",22
"906","HAJDÚ-BIHAR",3,"Géhl Attila","MKSZU",50
"907","PEST",12,"Gyulai Lajos","MKSZU",7
"908","PEST",1,"Kékesi Gergő","MKSZU",14
"909","TOLNA",2,"Konyár Melinda","MKSZU",67
"910","BUDAPEST",11,"May Miklós","MKSZU",36
"911","BÁCS-KISKUN",6,"Papp László","MKSZU",33
"912","BÉKÉS",3,"Szivos Lajos Zoltánné","MKSZU",24
"913","VESZPRÉM",2,"Turcsán József","MKSZU",73
"914","FEJÉR",1,"Dr. Németh Zsanett","MNP",37
"915","PEST",4,"Dr. Agócs-Jesztei Ágnes","MRPP",53
"916","NÓGRÁD",1,"Dr. Fölker Tibor Tamás","MRPP",77
"917","PEST",12,"Fenyvesné Dr. Nádas Katalin Csilla","MRPP",24
"918","BORSOD-ABAÚJ-ZEMPLÉN",1,"Horváth Dániel","MRPP",4
"919","HAJDÚ-BIHAR",5,"Horváth Lajosné","MRPP",5
"920","SZABOLCS-SZATMÁR-BEREG",5,"Juhász Jácint Gyula","MRPP",20
"921","HAJDÚ-BIHAR",3,"Juhászné Drabik Erzsébet","MRPP",19
"922","BUDAPEST",17,"Kölbl Gábor","MRPP",53
"923","BORSOD-ABAÚJ-ZEMPLÉN",2,"Mach Kornél","MRPP",3
"924","BARANYA",4,"Mitrovics Olivér","MRPP",45
"925","BUDAPEST",15,"Mlinkó László Csaba","MRPP",54
"926","ZALA",2,"Raffai Eszter Evelin","MRPP",35
"927","PEST",10,"Som Zsolt","MRPP",16
"928","ZALA",3,"Somogyvári László","MRPP",23
"929","PEST",6,"Szabó Kinga","MRPP",11
"930","BUDAPEST",18,"Szántó Csaba","MRPP",14
"931","HAJDÚ-BIHAR",6,"Zsatku Zita","MRPP",6
"932","KOMÁROM-ESZTERGOM",1,"Barczi Zsófia","MSZDP",59
"933","KOMÁROM-ESZTERGOM",2,"Bartha Mihály Józsefné","MSZDP",92
"934","NÓGRÁD",2,"Belák Vince Ottó","MSZDP",64
"935","BUDAPEST",16,"Böszörményi Gábor","MSZDP",126
"936","HEVES",3,"Dr. Kapolyi László","MSZDP",55
"937","BUDAPEST",17,"Dr. Vidákovics László","MSZDP",73
"938","PEST",12,"Facskó Szilveszter","MSZDP",50
"939","BUDAPEST",7,"Iváncsevits Gyula","MSZDP",45
"940","HEVES",2,"Schopf Rita","MSZDP",30
"941","PEST",1,"Szekszer Bernadett Katalin","MSZDP",60
"942","ZALA",1,"Tibolya Krisztina","MSZDP",54
"943","BÁCS-KISKUN",2,"Varga Kinga Mária","MSZDP",78
"944","BÉKÉS",2,"Varga Sándor","MSZDP",99
"945","BUDAPEST",15,"Várhegyi Csaba","MSZDP",52
"946","HAJDÚ-BIHAR",5,"Bangóné Borbély Ildikó","MSZP-EGYÜTT-DK-PM-MLP",7317
"947","BUDAPEST",3,"Bauer Tamás","MSZP-EGYÜTT-DK-PM-MLP",18414
"948","BÉKÉS",3,"Bod Tamás","MSZP-EGYÜTT-DK-PM-MLP",9378
"949","NÓGRÁD",1,"Boldvai László Róbert","MSZP-EGYÜTT-DK-PM-MLP",13140
"950","NÓGRÁD",2,"Borenszki Ervin","MSZP-EGYÜTT-DK-PM-MLP",10358
"951","PEST",10,"Braun Róbert","MSZP-EGYÜTT-DK-PM-MLP",9046
"952","BUDAPEST",9,"Burány Sándor","MSZP-EGYÜTT-DK-PM-MLP",19501
"953","SOMOGY",2,"Csendesné Murányi Ibolya Julianna","MSZP-EGYÜTT-DK-PM-MLP",7592
"954","PEST",9,"Dr. Baja Ferenc","MSZP-EGYÜTT-DK-PM-MLP",8047
"955","SZABOLCS-SZATMÁR-BEREG",4,"Dr. Baka István","MSZP-EGYÜTT-DK-PM-MLP",6930
"956","PEST",11,"Dr. Bakó Krisztina Katalin","MSZP-EGYÜTT-DK-PM-MLP",11379
"957","PEST",1,"Dr. Dorosz Dávid","MSZP-EGYÜTT-DK-PM-MLP",16386
"958","BÁCS-KISKUN",4,"Dr. Garai István Levente","MSZP-EGYÜTT-DK-PM-MLP",7452
"959","TOLNA",1,"Dr. Harangozó Tamás Attila","MSZP-EGYÜTT-DK-PM-MLP",9483
"960","SZABOLCS-SZATMÁR-BEREG",6,"Dr. Helmeczy László József","MSZP-EGYÜTT-DK-PM-MLP",8298
"961","BUDAPEST",16,"Dr. Hiller István","MSZP-EGYÜTT-DK-PM-MLP",18507
"962","VESZPRÉM",3,"Dr. Horváth József","MSZP-EGYÜTT-DK-PM-MLP",11769
"963","BUDAPEST",2,"Dr. Józsa István","MSZP-EGYÜTT-DK-PM-MLP",19643
"964","SOMOGY",1,"Dr. Kolber István","MSZP-EGYÜTT-DK-PM-MLP",11623
"965","CSONGRÁD",3,"Dr. Komáromi Zoltán Pál","MSZP-EGYÜTT-DK-PM-MLP",10201
"966","SZABOLCS-SZATMÁR-BEREG",3,"Dr. Legény Zsolt","MSZP-EGYÜTT-DK-PM-MLP",8707
"967","FEJÉR",1,"Dr. Márton Roland","MSZP-EGYÜTT-DK-PM-MLP",13407
"968","VAS",1,"Dr. Nemény András","MSZP-EGYÜTT-DK-PM-MLP",14049
"969","BUDAPEST",5,"Dr. Oláh Lajos","MSZP-EGYÜTT-DK-PM-MLP",17256
"970","HAJDÚ-BIHAR",2,"Dr. Rónai György","MSZP-EGYÜTT-DK-PM-MLP",10501
"971","HEVES",2,"Dr. Sós Tamás","MSZP-EGYÜTT-DK-PM-MLP",11874
"972","BUDAPEST",17,"Dr. Szabó Szabolcs","MSZP-EGYÜTT-DK-PM-MLP",18564
"973","PEST",2,"Dr. Szabóné Müller Timea Nóra","MSZP-EGYÜTT-DK-PM-MLP",16290
"974","BARANYA",2,"Dr. Szakács László","MSZP-EGYÜTT-DK-PM-MLP",15334
"975","HEVES",1,"Dr. Szalóczi Géza György","MSZP-EGYÜTT-DK-PM-MLP",13781
"976","HAJDÚ-BIHAR",1,"Dr. Szegedi István","MSZP-EGYÜTT-DK-PM-MLP",12012
"977","JÁSZ-NAGYKUN-SZOLNOK",2,"Dr. Szekeres Imre Jenő","MSZP-EGYÜTT-DK-PM-MLP",8594
"978","BARANYA",1,"Dr. Tóth Bertalan","MSZP-EGYÜTT-DK-PM-MLP",16706
"979","KOMÁROM-ESZTERGOM",2,"Dr. Vadai Ágnes","MSZP-EGYÜTT-DK-PM-MLP",13896
"980","BORSOD-ABAÚJ-ZEMPLÉN",2,"Dr. Varga László","MSZP-EGYÜTT-DK-PM-MLP",14798
"981","FEJÉR",5,"Ecsődi László József","MSZP-EGYÜTT-DK-PM-MLP",5781
"982","GYŐR-MOSON-SOPRON",1,"Fábián György Zoltán","MSZP-EGYÜTT-DK-PM-MLP",12893
"983","VAS",2,"Fehér László István","MSZP-EGYÜTT-DK-PM-MLP",10570
"984","GYŐR-MOSON-SOPRON",2,"Glázer Tímea","MSZP-EGYÜTT-DK-PM-MLP",9278
"985","VESZPRÉM",4,"Gőgös Zoltán","MSZP-EGYÜTT-DK-PM-MLP",9485
"986","ZALA",3,"Göndör István","MSZP-EGYÜTT-DK-PM-MLP",12024
"987","SZABOLCS-SZATMÁR-BEREG",5,"Halmi József","MSZP-EGYÜTT-DK-PM-MLP",7799
"988","SOMOGY",4,"Harangozó Gábor István","MSZP-EGYÜTT-DK-PM-MLP",9926
"989","SOMOGY",3,"Harján Dávid","MSZP-EGYÜTT-DK-PM-MLP",8497
"990","FEJÉR",2,"Herczog Edit","MSZP-EGYÜTT-DK-PM-MLP",8415
"991","TOLNA",3,"Heringes Anita","MSZP-EGYÜTT-DK-PM-MLP",7452
"992","BUDAPEST",7,"Hiszékeny Dezső","MSZP-EGYÜTT-DK-PM-MLP",27514
"993","FEJÉR",3,"Horváth András Tibor","MSZP-EGYÜTT-DK-PM-MLP",9534
"994","JÁSZ-NAGYKUN-SZOLNOK",1,"Iváncsik Imre","MSZP-EGYÜTT-DK-PM-MLP",14574
"995","SZABOLCS-SZATMÁR-BEREG",1,"Jeszenszki András","MSZP-EGYÜTT-DK-PM-MLP",15781
"996","SZABOLCS-SZATMÁR-BEREG",2,"Juhász Ferenc","MSZP-EGYÜTT-DK-PM-MLP",9485
"997","GYŐR-MOSON-SOPRON",4,"Kalmár István","MSZP-EGYÜTT-DK-PM-MLP",11601
"998","BUDAPEST",13,"Karácsony Gergely Szilveszter","MSZP-EGYÜTT-DK-PM-MLP",19682
"999","HAJDÚ-BIHAR",6,"Kathiné Juhász Ildikó","MSZP-EGYÜTT-DK-PM-MLP",7174
"1000","BUDAPEST",1,"Kerék-Bárczy Szabolcs","MSZP-EGYÜTT-DK-PM-MLP",15459
"1001","BÁCS-KISKUN",1,"Király József","MSZP-EGYÜTT-DK-PM-MLP",7899
"1002","BUDAPEST",10,"Kiss László","MSZP-EGYÜTT-DK-PM-MLP",19633
"1003","BUDAPEST",11,"Kiss Péter","MSZP-EGYÜTT-DK-PM-MLP",20956
"1004","PEST",4,"Kiss Zsolt János","MSZP-EGYÜTT-DK-PM-MLP",11767
"1005","BORSOD-ABAÚJ-ZEMPLÉN",4,"Klimon István","MSZP-EGYÜTT-DK-PM-MLP",12563
"1006","HEVES",3,"Korózs Lajos","MSZP-EGYÜTT-DK-PM-MLP",10797
"1007","PEST",6,"Kovács Barnabás","MSZP-EGYÜTT-DK-PM-MLP",14027
"1008","GYŐR-MOSON-SOPRON",3,"Kránitz László","MSZP-EGYÜTT-DK-PM-MLP",7005
"1009","PEST",8,"Kuncze Gábor","MSZP-EGYÜTT-DK-PM-MLP",17134
"1010","BUDAPEST",15,"Kunhalmi Ágnes","MSZP-EGYÜTT-DK-PM-MLP",20592
"1011","BÁCS-KISKUN",2,"Laskovics Diána","MSZP-EGYÜTT-DK-PM-MLP",9446
"1012","GYŐR-MOSON-SOPRON",5,"Lehóczki Attila","MSZP-EGYÜTT-DK-PM-MLP",9823
"1013","BARANYA",3,"Loschán Ferenc","MSZP-EGYÜTT-DK-PM-MLP",8983
"1014","KOMÁROM-ESZTERGOM",1,"Lukács Zoltán Géza","MSZP-EGYÜTT-DK-PM-MLP",15954
"1015","BUDAPEST",14,"Lukoczki Károly","MSZP-EGYÜTT-DK-PM-MLP",17084
"1016","FEJÉR",4,"Magyar András Tamás","MSZP-EGYÜTT-DK-PM-MLP",12128
"1017","ZALA",1,"Major Gábor","MSZP-EGYÜTT-DK-PM-MLP",12381
"1018","BÉKÉS",1,"Miklós Attila Zsolt","MSZP-EGYÜTT-DK-PM-MLP",12161
"1019","BUDAPEST",12,"Móricz Eszter","MSZP-EGYÜTT-DK-PM-MLP",18678
"1020","BORSOD-ABAÚJ-ZEMPLÉN",1,"Nagy-Korsa Judit Anna","MSZP-EGYÜTT-DK-PM-MLP",14072
"1021","BARANYA",4,"Nagy Attila","MSZP-EGYÜTT-DK-PM-MLP",12131
"1022","CSONGRÁD",2,"Némethné Bátyai Edina Beáta","MSZP-EGYÜTT-DK-PM-MLP",16952
"1023","BÁCS-KISKUN",3,"Niedermüller Péter","MSZP-EGYÜTT-DK-PM-MLP",8321
"1024","BORSOD-ABAÚJ-ZEMPLÉN",3,"Nyakó István","MSZP-EGYÜTT-DK-PM-MLP",10146
"1025","BORSOD-ABAÚJ-ZEMPLÉN",7,"Nyeste László","MSZP-EGYÜTT-DK-PM-MLP",8894
"1026","JÁSZ-NAGYKUN-SZOLNOK",3,"Ozsváth László","MSZP-EGYÜTT-DK-PM-MLP",7719
"1027","VESZPRÉM",1,"Pál Béla","MSZP-EGYÜTT-DK-PM-MLP",13009
"1028","BUDAPEST",6,"Pál Tibor Gyula","MSZP-EGYÜTT-DK-PM-MLP",15437
"1029","HAJDÚ-BIHAR",3,"Pallás György","MSZP-EGYÜTT-DK-PM-MLP",7288
"1030","BORSOD-ABAÚJ-ZEMPLÉN",6,"Pap Zsolt","MSZP-EGYÜTT-DK-PM-MLP",11133
"1031","BÉKÉS",2,"Rejtő József","MSZP-EGYÜTT-DK-PM-MLP",7925
"1032","PEST",12,"Romhányiné Dr. Balogh Edit","MSZP-EGYÜTT-DK-PM-MLP",8828
"1033","JÁSZ-NAGYKUN-SZOLNOK",4,"Rózsa Endre","MSZP-EGYÜTT-DK-PM-MLP",9386
"1034","VESZPRÉM",2,"Scheiring Gábor","MSZP-EGYÜTT-DK-PM-MLP",12428
"1035","BUDAPEST",18,"Somfai Ágnes","MSZP-EGYÜTT-DK-PM-MLP",20523
"1036","PEST",5,"Szabó Imre","MSZP-EGYÜTT-DK-PM-MLP",18166
"1037","PEST",7,"Szabó Rebeka Katalin","MSZP-EGYÜTT-DK-PM-MLP",14971
"1038","CSONGRÁD",1,"Szabó Sándor","MSZP-EGYÜTT-DK-PM-MLP",20131
"1039","KOMÁROM-ESZTERGOM",3,"Székely Antal","MSZP-EGYÜTT-DK-PM-MLP",12430
"1040","BUDAPEST",4,"Szelényi Zsuzsanna","MSZP-EGYÜTT-DK-PM-MLP",20750
"1041","ZALA",2,"Szermek Zsolt Ottó","MSZP-EGYÜTT-DK-PM-MLP",8943
"1042","PEST",3,"Szinna Gábor","MSZP-EGYÜTT-DK-PM-MLP",15434
"1043","BÁCS-KISKUN",6,"Teket Melinda","MSZP-EGYÜTT-DK-PM-MLP",9954
"1044","TOLNA",2,"Tigelmann Péter","MSZP-EGYÜTT-DK-PM-MLP",8816
"1045","BUDAPEST",8,"Tóth Csaba János","MSZP-EGYÜTT-DK-PM-MLP",21697
"1046","BÁCS-KISKUN",5,"Török Zsolt Bernát","MSZP-EGYÜTT-DK-PM-MLP",7297
"1047","CSONGRÁD",4,"Varga Péter","MSZP-EGYÜTT-DK-PM-MLP",9323
"1048","BÉKÉS",4,"Varga Zoltán","MSZP-EGYÜTT-DK-PM-MLP",10738
"1049","HAJDÚ-BIHAR",4,"Varju László","MSZP-EGYÜTT-DK-PM-MLP",6985
"1050","BORSOD-ABAÚJ-ZEMPLÉN",5,"Vécsi István","MSZP-EGYÜTT-DK-PM-MLP",9566
"1051","VAS",3,"Wrzava Pál","MSZP-EGYÜTT-DK-PM-MLP",6318
"1052","BÉKÉS",1,"Bánhegyi József","MUNKÁSPÁRT",433
"1053","JÁSZ-NAGYKUN-SZOLNOK",1,"Bencsik Mihály","MUNKÁSPÁRT",604
"1054","BUDAPEST",2,"Benyovszky Gábor","MUNKÁSPÁRT",262
"1055","FEJÉR",5,"Berényi Béla","MUNKÁSPÁRT",270
"1056","NÓGRÁD",2,"Dr. Frankfurter Zsuzsanna","MUNKÁSPÁRT",628
"1057","BUDAPEST",8,"Dr. Hajdu József Péter","MUNKÁSPÁRT",368
"1058","BORSOD-ABAÚJ-ZEMPLÉN",7,"Dr. Szücs Lajos","MUNKÁSPÁRT",353
"1059","BUDAPEST",17,"Dr. Thürmer Gyula","MUNKÁSPÁRT",553
"1060","BORSOD-ABAÚJ-ZEMPLÉN",6,"Dr. Váli Zoltán","MUNKÁSPÁRT",343
"1061","JÁSZ-NAGYKUN-SZOLNOK",3,"Dull Krisztián Norbert","MUNKÁSPÁRT",434
"1062","BUDAPEST",11,"Fehérvári Zsolt István","MUNKÁSPÁRT",350
"1063","BORSOD-ABAÚJ-ZEMPLÉN",2,"Fülöp József Istvánné","MUNKÁSPÁRT",329
"1064","BÉKÉS",4,"Gál Ferenc","MUNKÁSPÁRT",657
"1065","BARANYA",3,"Horváth József","MUNKÁSPÁRT",332
"1066","BÁCS-KISKUN",6,"Kalapos Mária","MUNKÁSPÁRT",245
"1067","BORSOD-ABAÚJ-ZEMPLÉN",4,"Kardos Mihály","MUNKÁSPÁRT",361
"1068","BUDAPEST",9,"Kerezsi László","MUNKÁSPÁRT",389
"1069","BORSOD-ABAÚJ-ZEMPLÉN",3,"Kónya Béla","MUNKÁSPÁRT",474
"1070","GYŐR-MOSON-SOPRON",1,"Milkovics Attila","MUNKÁSPÁRT",191
"1071","GYŐR-MOSON-SOPRON",5,"Nagy Ádám","MUNKÁSPÁRT",361
"1072","NÓGRÁD",1,"Nagy Attila Tibor","MUNKÁSPÁRT",785
"1073","SZABOLCS-SZATMÁR-BEREG",4,"Nagy István Béla","MUNKÁSPÁRT",263
"1074","PEST",4,"Nagy Sándor","MUNKÁSPÁRT",295
"1075","BORSOD-ABAÚJ-ZEMPLÉN",1,"Orosz Imre Tibor","MUNKÁSPÁRT",338
"1076","SZABOLCS-SZATMÁR-BEREG",5,"Pásku Károly","MUNKÁSPÁRT",194
"1077","KOMÁROM-ESZTERGOM",1,"Petrik Tímea","MUNKÁSPÁRT",362
"1078","JÁSZ-NAGYKUN-SZOLNOK",4,"Pozsonyi Péter","MUNKÁSPÁRT",490
"1079","CSONGRÁD",4,"Surányi Vivien","MUNKÁSPÁRT",462
"1080","SOMOGY",2,"Szép Erzsébet","MUNKÁSPÁRT",233
"1081","BÉKÉS",3,"Szőke János","MUNKÁSPÁRT",423
"1082","SZABOLCS-SZATMÁR-BEREG",3,"Tóth Péter Pál","MUNKÁSPÁRT",324
"1083","JÁSZ-NAGYKUN-SZOLNOK",2,"Turi Kristóf Tamás","MUNKÁSPÁRT",269
"1084","FEJÉR",3,"Veres Péter","MUNKÁSPÁRT",337
"1085","BUDAPEST",16,"Adamik Renátó Imre","NEMZETI ÉRDEKÉRT",25
"1086","PEST",8,"Ali János","NEMZETI ÉRDEKÉRT",52
"1087","BÉKÉS",3,"Dinya Gábor Balázs","NEMZETI ÉRDEKÉRT",13
"1088","CSONGRÁD",1,"Dr. Gyovai Ferenc","NEMZETI ÉRDEKÉRT",55
"1089","JÁSZ-NAGYKUN-SZOLNOK",3,"Engler Ildikó","NEMZETI ÉRDEKÉRT",20
"1090","SZABOLCS-SZATMÁR-BEREG",1,"Farkas Roland Norbert","NEMZETI ÉRDEKÉRT",37
"1091","PEST",10,"Gányi Miklós Andrásné","NEMZETI ÉRDEKÉRT",46
"1092","PEST",3,"Győrfi Attila","NEMZETI ÉRDEKÉRT",27
"1093","BÉKÉS",2,"Kun Éva","NEMZETI ÉRDEKÉRT",59
"1094","PEST",5,"Pokriva Nándor","NEMZETI ÉRDEKÉRT",93
"1095","JÁSZ-NAGYKUN-SZOLNOK",1,"Reiner Tibor","NEMZETI ÉRDEKÉRT",37
"1096","FEJÉR",4,"Szántó Gábor","NEMZETI ÉRDEKÉRT",44
"1097","BÉKÉS",1,"Szaszák Péter","NEMZETI ÉRDEKÉRT",45
"1098","JÁSZ-NAGYKUN-SZOLNOK",2,"Szűcs Károly","NEMZETI ÉRDEKÉRT",25
"1099","SZABOLCS-SZATMÁR-BEREG",4,"Varga Ferenc","NEMZETI ÉRDEKÉRT",24
"1100","HAJDÚ-BIHAR",5,"Vigh Albert","NEMZETI ÉRDEKÉRT",37
"1101","BUDAPEST",17,"Zsell Pálné","NEMZETI ÉRDEKÉRT",44
"1102","BORSOD-ABAÚJ-ZEMPLÉN",6,"Holcman László","Nemzeti Forr.Párt",150
"1103","BORSOD-ABAÚJ-ZEMPLÉN",3,"Kisgergely András","Nemzeti Forr.Párt",248
"1104","VAS",2,"Radányi-Kovács Tamás","Nemzeti Forr.Párt",50
"1105","HEVES",3,"Mikó János","NÉP",21
"1106","NÓGRÁD",2,"Rákosi György","NÉP",37
"1107","ZALA",3,"Gayer András Rikárd","NOP",18
"1108","SZABOLCS-SZATMÁR-BEREG",2,"Bagdi Sándor Gábor","ÖP",110
"1109","BÉKÉS",3,"Bagó Anita","ÖP",43
"1110","HEVES",1,"Balog István","ÖP",121
"1111","PEST",12,"Bán Zsolt","ÖP",63
"1112","VESZPRÉM",3,"Bándliné Keserü Judit","ÖP",65
"1113","BUDAPEST",17,"Barabás Gyöngyvér","ÖP",180
"1114","BORSOD-ABAÚJ-ZEMPLÉN",7,"Baróczi Péter Imre","ÖP",65
"1115","KOMÁROM-ESZTERGOM",3,"Béres Bence","ÖP",186
"1116","KOMÁROM-ESZTERGOM",1,"Béres István","ÖP",102
"1117","BORSOD-ABAÚJ-ZEMPLÉN",4,"Bódis Zsolt Ferenc","ÖP",61
"1118","BUDAPEST",13,"Bognár Tibor Mihály","ÖP",195
"1119","NÓGRÁD",2,"Czekó Erzsébet","ÖP",46
"1120","BORSOD-ABAÚJ-ZEMPLÉN",6,"Csengő Szabolcs","ÖP",101
"1121","SOMOGY",2,"Darcsi Natália","ÖP",28
"1122","VESZPRÉM",2,"Dr. Sinkáné Vati Júlia","ÖP",148
"1123","HEVES",2,"Egyed Mónika","ÖP",57
"1124","BÉKÉS",1,"Fischer Attila","ÖP",147
"1125","SZABOLCS-SZATMÁR-BEREG",3,"Fodor Dezső","ÖP",49
"1126","BUDAPEST",10,"Fodor Judit","ÖP",182
"1127","SZABOLCS-SZATMÁR-BEREG",5,"Gellért Sándor","ÖP",28
"1128","BORSOD-ABAÚJ-ZEMPLÉN",5,"Gervai Valter","ÖP",66
"1129","BÉKÉS",4,"Hegedűsné Bányai Ildikó","ÖP",61
"1130","PEST",4,"Himmerné Wetzl Annamária","ÖP",79
"1131","PEST",3,"Holek Katalin","ÖP",132
"1132","GYŐR-MOSON-SOPRON",5,"Hutkai Anna","ÖP",183
"1133","BÉKÉS",2,"Jakab József","ÖP",90
"1134","BUDAPEST",11,"Kiss Erika","ÖP",178
"1135","HEVES",3,"Kiss Gábor","ÖP",94
"1136","PEST",7,"Kollár Krisztina","ÖP",147
"1137","SZABOLCS-SZATMÁR-BEREG",4,"Kovács Krisztián","ÖP",35
"1138","HAJDÚ-BIHAR",6,"Kovács Máté","ÖP",127
"1139","VAS",2,"Kőrös Ernő","ÖP",104
"1140","PEST",11,"Kreisz Katalin Erzsébet","ÖP",191
"1141","BARANYA",4,"Kulcsár Jánosné","ÖP",58
"1142","BÁCS-KISKUN",4,"Kutalik Tamás","ÖP",133
"1143","PEST",10,"Molnár Józsefné","ÖP",93
"1144","HAJDÚ-BIHAR",3,"Nagy Judit Erzsébet","ÖP",112
"1145","SZABOLCS-SZATMÁR-BEREG",6,"Nagy László Csaba","ÖP",58
"1146","BUDAPEST",16,"Pálosi Attila","ÖP",140
"1147","BÁCS-KISKUN",1,"Palotai Gábor","ÖP",116
"1148","JÁSZ-NAGYKUN-SZOLNOK",2,"Pásztor László","ÖP",56
"1149","JÁSZ-NAGYKUN-SZOLNOK",3,"Pásztorné Kovács Krisztina","ÖP",72
"1150","ZALA",3,"Piskor József Zoltán","ÖP",98
"1151","KOMÁROM-ESZTERGOM",2,"Pogány István","ÖP",229
"1152","PEST",8,"Póka László","ÖP",313
"1153","BUDAPEST",7,"Póka Leila","ÖP",129
"1154","FEJÉR",5,"Poprócsi Hunor Botond","ÖP",51
"1155","PEST",9,"Pukkai Tamás","ÖP",101
"1156","BARANYA",2,"Sáfár Ferenc","ÖP",101
"1157","BORSOD-ABAÚJ-ZEMPLÉN",1,"Simon László","ÖP",117
"1158","VESZPRÉM",1,"Sinka Vivien Karolin","ÖP",178
"1159","BUDAPEST",4,"Suhajdáné Toldi Zsanett Dea","ÖP",432
"1160","HAJDÚ-BIHAR",1,"Szabó Sándor","ÖP",150
"1161","BORSOD-ABAÚJ-ZEMPLÉN",2,"Szakos Zoltán","ÖP",120
"1162","HAJDÚ-BIHAR",5,"Szepesi Gábor Attila","ÖP",44
"1163","SZABOLCS-SZATMÁR-BEREG",1,"Szepessy Zsolt László","ÖP",225
"1164","BARANYA",3,"Takács Róbert","ÖP",76
"1165","SOMOGY",3,"Támba Klaudia","ÖP",63
"1166","GYŐR-MOSON-SOPRON",1,"Tempfliné Szabó Viktória","ÖP",158
"1167","BÁCS-KISKUN",4,"Bálint Gyula","REND- SZABADSÁG",20
"1168","BARANYA",4,"Csonka Eszter","REND- SZABADSÁG",0
"1169","ZALA",1,"Jambrik Márton","REND- SZABADSÁG",29
"1170","BÉKÉS",4,"Révész Géza","REND- SZABADSÁG",31
"1171","HEVES",2,"Snep Andrea","REND- SZABADSÁG",15
"1172","VESZPRÉM",2,"Strasszer Ferencné","REND- SZABADSÁG",12
"1173","BÁCS-KISKUN",3,"Szalai Ferencné","REND- SZABADSÁG",30
"1174","TOLNA",3,"Tamási Gabriella","REND- SZABADSÁG",31
"1175","HEVES",3,"Tóth-Kern Enikő","REND- SZABADSÁG",31
"1176","BORSOD-ABAÚJ-ZEMPLÉN",1,"Király Zsolt Ferenc","REND PÁRT",12
"1177","VESZPRÉM",2,"Báthori István","SEM",383
"1178","BORSOD-ABAÚJ-ZEMPLÉN",1,"Bencze Csaba","SEM",208
"1179","BÉKÉS",3,"Beregszászi Lili","SEM",118
"1180","TOLNA",1,"Both Norbert","SEM",209
"1181","BARANYA",4,"Fazakas András","SEM",113
"1182","HEVES",3,"Fehér Andrea","SEM",166
"1183","BORSOD-ABAÚJ-ZEMPLÉN",3,"Forray Zsolt","SEM",80
"1184","BÉKÉS",1,"Gazsó Mátyás","SEM",279
"1185","HAJDÚ-BIHAR",6,"Homolya Emese Krisztina","SEM",80
"1186","BUDAPEST",7,"Jakab Gabriella","SEM",386
"1187","SZABOLCS-SZATMÁR-BEREG",3,"Jarkas Richárd Mátyás","SEM",41
"1188","BÁCS-KISKUN",5,"Kállai István Zsolt","SEM",88
"1189","SZABOLCS-SZATMÁR-BEREG",5,"Kissné Kovács Zsuzsanna","SEM",40
"1190","BORSOD-ABAÚJ-ZEMPLÉN",6,"Kovács-Buna János","SEM",136
"1191","VESZPRÉM",1,"Kovács Béla","SEM",304
"1192","NÓGRÁD",2,"Kovács Boglárka","SEM",81
"1193","TOLNA",3,"Köhler Nóra","SEM",219
"1194","NÓGRÁD",1,"Krekács Dániel Zsolt","SEM",163
"1195","BÁCS-KISKUN",2,"Lédeczi László","SEM",219
"1196","SZABOLCS-SZATMÁR-BEREG",1,"Matavovszky Dániel","SEM",157
"1197","PEST",3,"Mellákné Tóth Éva","SEM",371
"1198","PEST",5,"Méri László","SEM",518
"1199","VAS",3,"Mester Dávid","SEM",173
"1200","BUDAPEST",3,"Mile Melinda","SEM",479
"1201","PEST",4,"Nagy Szilárd Benjamin","SEM",147
"1202","GYŐR-MOSON-SOPRON",5,"Ódor Ferenc","SEM",374
"1203","FEJÉR",3,"Papp László","SEM",232
"1204","PEST",12,"Papp Viktor","SEM",183
"1205","ZALA",3,"Pásztori Patricia","SEM",299
"1206","BUDAPEST",2,"Petre-Varga Fruzsina Zsuzsanna","SEM",534
"1207","KOMÁROM-ESZTERGOM",1,"Pintér Réka","SEM",204
"1208","BARANYA",2,"Radányi Norbert","SEM",259
"1209","PEST",10,"Rakita Andrea Éva","SEM",152
"1210","BORSOD-ABAÚJ-ZEMPLÉN",7,"Ritter Diána","SEM",74
"1211","BUDAPEST",11,"Sedon Béla","SEM",378
"1212","PEST",1,"Soczó Ildikó Mária","SEM",241
"1213","VESZPRÉM",3,"Stumpf Mariann","SEM",181
"1214","BARANYA",1,"Szaksz Tamás","SEM",306
"1215","FEJÉR",4,"Szalai Balázs","SEM",202
"1216","HEVES",2,"Szegváry Krisztián","SEM",91
"1217","PEST",11,"Székely Orsolya","SEM",292
"1218","BARANYA",3,"Széles Orsolya","SEM",190
"1219","PEST",8,"Szilvási Zsolt","SEM",260
"1220","BUDAPEST",15,"Tagyi Kristóf Tibor","SEM",319
"1221","SZABOLCS-SZATMÁR-BEREG",6,"Tanács István","SEM",51
"1222","BORSOD-ABAÚJ-ZEMPLÉN",4,"Tiszaváry Fanni","SEM",86
"1223","BORSOD-ABAÚJ-ZEMPLÉN",2,"Tóth Árpád","SEM",165
"1224","SOMOGY",4,"Tóth Attila","SEM",177
"1225","HAJDÚ-BIHAR",2,"Tóth Sebestyén","SEM",377
"1226","VAS",1,"Tóthné Szakály Henrietta","SEM",271
"1227","PEST",6,"Veres Botond","SEM",371
"1228","BUDAPEST",14,"Zsichla Imre Gábor","SEM",319
"1229","PEST",6,"Bercsényi Zoltán","SMS",303
"1230","FEJÉR",3,"Bódi Tibor","SMS",233
"1231","CSONGRÁD",3,"Csenki Mihály","SMS",594
"1232","PEST",11,"Dankó Géza Gábor","SMS",310
"1233","BÉKÉS",4,"Dr. Kincses István András","SMS",341
"1234","BÁCS-KISKUN",4,"Dr. Réczi László","SMS",493
"1235","BARANYA",1,"Erdélyi Sándor Mihály","SMS",238
"1236","TOLNA",3,"Ferenci Richárd","SMS",115
"1237","BUDAPEST",11,"Fintorné Kassai Erika","SMS",309
"1238","SZABOLCS-SZATMÁR-BEREG",4,"Gál Noémi","SMS",155
"1239","SOMOGY",2,"Galba Mihály László","SMS",345
"1240","SOMOGY",3,"Géresi Julianna","SMS",177
"1241","SZABOLCS-SZATMÁR-BEREG",6,"Harsányi Simon","SMS",195
"1242","FEJÉR",4,"Hermann Henrik","SMS",949
"1243","VAS",3,"Horváth István Mihály","SMS",312
"1244","TOLNA",1,"Horváth Krisztián","SMS",194
"1245","JÁSZ-NAGYKUN-SZOLNOK",1,"Horváth Zoltán","SMS",393
"1246","SZABOLCS-SZATMÁR-BEREG",2,"Huczman Miklósné","SMS",239
"1247","SZABOLCS-SZATMÁR-BEREG",3,"Imre István","SMS",138
"1248","PEST",1,"Járvás Éva","SMS",412
"1249","JÁSZ-NAGYKUN-SZOLNOK",4,"Juhász Ferenc","SMS",202
"1250","HAJDÚ-BIHAR",3,"Kajdiné Virág Katalin","SMS",210
"1251","BORSOD-ABAÚJ-ZEMPLÉN",4,"Kalanovicsné Fábus Éva Zsuzsanna","SMS",227
"1252","JÁSZ-NAGYKUN-SZOLNOK",3,"Kapás József","SMS",226
"1253","PEST",8,"Kirner László","SMS",277
"1254","HAJDÚ-BIHAR",5,"Kiss Klára","SMS",381
"1255","HAJDÚ-BIHAR",4,"Kovács Réka Zsuzsanna","SMS",228
"1256","JÁSZ-NAGYKUN-SZOLNOK",2,"Kövendi Erzsébet","SMS",183
"1257","VAS",1,"Kupi Jánosné","SMS",279
"1258","BÉKÉS",3,"Leelőssy Éva","SMS",135
"1259","BARANYA",4,"Mályi Lászlóné","SMS",114
"1260","PEST",3,"Marosi Katalin","SMS",339
"1261","PEST",2,"Marton Gergő","SMS",456
"1262","FEJÉR",2,"Mátrai Csaba","SMS",699
"1263","NÓGRÁD",2,"Mazgon Jelena","SMS",224
"1264","BUDAPEST",15,"Mészáros Norbert","SMS",316
"1265","BUDAPEST",9,"Mészárosné Rostás Katalin Márta","SMS",349
"1266","BUDAPEST",16,"Molnár Ferencné","SMS",295
"1267","SOMOGY",4,"Molnárné Jakab Mária Hajnalka","SMS",246
"1268","PEST",4,"Moravcsik Attila","SMS",326
"1269","GYŐR-MOSON-SOPRON",5,"Nagy Attila Zoltán","SMS",311
"1270","BORSOD-ABAÚJ-ZEMPLÉN",5,"Pázmándi János","SMS",147
"1271","BÁCS-KISKUN",6,"Pekli Edit","SMS",117
"1272","SOMOGY",1,"Potyondi Ilona","SMS",239
"1273","HEVES",3,"Ránics Erika","SMS",163
"1274","BORSOD-ABAÚJ-ZEMPLÉN",3,"Rézműves Anikó","SMS",125
"1275","ZALA",3,"Sándor József","SMS",184
"1276","BARANYA",3,"Schwarczkopf Róbert","SMS",145
"1277","NÓGRÁD",1,"Seres Mária","SMS",1210
"1278","BÁCS-KISKUN",1,"Sörös József","SMS",220
"1279","HEVES",2,"Subicz István","SMS",115
"1280","PEST",9,"Surányi Tiborné","SMS",184
"1281","BORSOD-ABAÚJ-ZEMPLÉN",7,"Szabó Sándor","SMS",163
"1282","GYŐR-MOSON-SOPRON",4,"Szakonyi Imre István","SMS",555
"1283","ZALA",2,"Szarvas István","SMS",173
"1284","BUDAPEST",17,"Szedlacsek Enikő","SMS",384
"1285","BUDAPEST",7,"Szekeres Péterné","SMS",331
"1286","GYŐR-MOSON-SOPRON",2,"Szenftner László","SMS",314
"1287","SZABOLCS-SZATMÁR-BEREG",1,"Szoboszlay György Csaba","SMS",600
"1288","HAJDÚ-BIHAR",2,"Szűcs István","SMS",374
"1289","ZALA",1,"Tóth István Jánosné","SMS",636
"1290","SZABOLCS-SZATMÁR-BEREG",5,"Tóthné Kun Andrea Éva","SMS",175
"1291","BUDAPEST",18,"Vadász Ferenc","SMS",286
"1292","PEST",12,"Vágó Tibor István","SMS",145
"1293","BÉKÉS",1,"Varga Györgyné","SMS",275
"1294","HAJDÚ-BIHAR",6,"Varga Mariann","SMS",169
"1295","BUDAPEST",12,"Zala Miklós","SMS",332
"1296","BÉKÉS",2,"Csanyi Lajos Edwárd","SZAVA",0
"1297","BÉKÉS",4,"Csanyi Renáta Ibolya","SZAVA",0
"1298","BARANYA",1,"Eckert Péter","SZAVA",48
"1299","PEST",1,"Gara Ferencné","SZAVA",16
"1300","ZALA",1,"Kulcsárné Kozma Erzsébet","SZAVA",25
"1301","VAS",3,"Nagy Gergő","SZAVA",25
"1302","PEST",11,"Szentes János","SZAVA",38
"1303","VAS",3,"Bognár Erik","SZDP",107
"1304","GYŐR-MOSON-SOPRON",4,"Brand Tara","SZDP",133
"1305","HAJDÚ-BIHAR",1,"Endrész Boldizsár","SZDP",90
"1306","BORSOD-ABAÚJ-ZEMPLÉN",7,"Juhász Csaba","SZDP",102
"1307","BUDAPEST",15,"Kostya Bánk László","SZDP",67
"1308","BÉKÉS",4,"Mák Beáta","SZDP",127
"1309","BORSOD-ABAÚJ-ZEMPLÉN",3,"Orliczki Sándor József","SZDP",103
"1310","HAJDÚ-BIHAR",6,"Széles Elek","SZDP",67
"1311","KOMÁROM-ESZTERGOM",1,"Tóth-Fekete Tamás Károly","SZDP",123
"1312","PEST",1,"Vadászi Nándor","SZDP",139
"1313","PEST",7,"Dr. Nagy Marianna","SZEM-NŐPÁRT",140
"1314","KOMÁROM-ESZTERGOM",3,"Dr. Topálné Dr. Zsilka Ilona","SZEM-NŐPÁRT",465
"1315","FEJÉR",4,"Filus Györgyi","SZEM-NŐPÁRT",131
"1316","BORSOD-ABAÚJ-ZEMPLÉN",4,"Orgona Ágnes","SZEM-NŐPÁRT",49
"1317","NÓGRÁD",2,"Ráczné Molnár Mária","SZEM-NŐPÁRT",55
"1318","SOMOGY",3,"Berta-Csikós Éva","SZMP",28
"1319","ZALA",1,"Cseke József","SZMP",117
"1320","SOMOGY",1,"Csikós József","SZMP",39
"1321","SZABOLCS-SZATMÁR-BEREG",6,"Dani Zoltán","SZMP",11
"1322","TOLNA",3,"Dávid István","SZMP",61
"1323","VAS",3,"Pillei Róbert","SZMP",26
"1324","SOMOGY",2,"Pusztai Gábor","SZMP",42
"1325","BARANYA",4,"Rippert Zoltán","SZMP",40
"1326","BUDAPEST",15,"Alex Ágnes Kornélia","SZOCIÁLDEMOKRATÁK",128
"1327","BUDAPEST",16,"Alex Tamás","SZOCIÁLDEMOKRATÁK",190
"1328","SOMOGY",1,"Árok Kornél","SZOCIÁLDEMOKRATÁK",360
"1329","HAJDÚ-BIHAR",1,"Bakk István","SZOCIÁLDEMOKRATÁK",68
"1330","VAS",2,"Bakonyi László","SZOCIÁLDEMOKRATÁK",107
"1331","BARANYA",4,"Balogh Zoltán Kálmán","SZOCIÁLDEMOKRATÁK",117
"1332","HEVES",1,"Bodnár Pál","SZOCIÁLDEMOKRATÁK",228
"1333","PEST",8,"Boldis György","SZOCIÁLDEMOKRATÁK",112
"1334","PEST",12,"Cseh Mihály Attila","SZOCIÁLDEMOKRATÁK",66
"1335","BUDAPEST",13,"Csizmazia Ferenc István","SZOCIÁLDEMOKRATÁK",207
"1336","HAJDÚ-BIHAR",2,"Dávidné Németi Imola Erika","SZOCIÁLDEMOKRATÁK",178
"1337","FEJÉR",5,"Deák József Zoltán","SZOCIÁLDEMOKRATÁK",48
"1338","BUDAPEST",12,"Domán Attila","SZOCIÁLDEMOKRATÁK",278
"1339","FEJÉR",3,"Dr. Bednár András Tibor","SZOCIÁLDEMOKRATÁK",106
"1340","PEST",3,"Dr. Diószegi Gábor","SZOCIÁLDEMOKRATÁK",289
"1341","HAJDÚ-BIHAR",5,"Dr. Kerekes László","SZOCIÁLDEMOKRATÁK",235
"1342","JÁSZ-NAGYKUN-SZOLNOK",1,"Dr. Pálfi Miklós","SZOCIÁLDEMOKRATÁK",176
"1343","BÁCS-KISKUN",4,"Dr. Patai Antal","SZOCIÁLDEMOKRATÁK",175
"1344","BUDAPEST",6,"Dr. Suda Dezső József","SZOCIÁLDEMOKRATÁK",187
"1345","SZABOLCS-SZATMÁR-BEREG",1,"Dr. Terebesiné Kovács Éva","SZOCIÁLDEMOKRATÁK",115
"1346","BÉKÉS",4,"Faragó Attila István","SZOCIÁLDEMOKRATÁK",51
"1347","JÁSZ-NAGYKUN-SZOLNOK",3,"Farkas László","SZOCIÁLDEMOKRATÁK",161
"1348","PEST",5,"Fazekas Attila","SZOCIÁLDEMOKRATÁK",246
"1349","BORSOD-ABAÚJ-ZEMPLÉN",1,"Fintorné Barkó Anita","SZOCIÁLDEMOKRATÁK",106
"1350","BUDAPEST",18,"Freisz-Horváth Éva Margit","SZOCIÁLDEMOKRATÁK",229
"1351","PEST",6,"Gaál István","SZOCIÁLDEMOKRATÁK",121
"1352","BORSOD-ABAÚJ-ZEMPLÉN",3,"Gál József","SZOCIÁLDEMOKRATÁK",341
"1353","BARANYA",2,"Gavri Edit","SZOCIÁLDEMOKRATÁK",216
"1354","SZABOLCS-SZATMÁR-BEREG",5,"Guthy Máté","SZOCIÁLDEMOKRATÁK",50
"1355","ZALA",1,"Hegedüs Erzsébet","SZOCIÁLDEMOKRATÁK",133
"1356","TOLNA",3,"Hingl János Zsolt","SZOCIÁLDEMOKRATÁK",135
"1357","BORSOD-ABAÚJ-ZEMPLÉN",5,"Horváth András","SZOCIÁLDEMOKRATÁK",260
"1358","BARANYA",1,"Juhász István","SZOCIÁLDEMOKRATÁK",233
"1359","TOLNA",1,"Jurás Zsolt","SZOCIÁLDEMOKRATÁK",75
"1360","BÁCS-KISKUN",5,"Karancsi Tibor József","SZOCIÁLDEMOKRATÁK",90
"1361","BUDAPEST",7,"Kern Tamás","SZOCIÁLDEMOKRATÁK",128
"1362","SZABOLCS-SZATMÁR-BEREG",3,"Kiss László","SZOCIÁLDEMOKRATÁK",127
"1363","SZABOLCS-SZATMÁR-BEREG",2,"Koji Attiláné","SZOCIÁLDEMOKRATÁK",60
"1364","BÁCS-KISKUN",3,"Kollinger Attila","SZOCIÁLDEMOKRATÁK",144
"1365","PEST",2,"Kósa Sándor","SZOCIÁLDEMOKRATÁK",227
"1366","BORSOD-ABAÚJ-ZEMPLÉN",4,"Kovács Imre József","SZOCIÁLDEMOKRATÁK",92
"1367","CSONGRÁD",4,"Kovács László","SZOCIÁLDEMOKRATÁK",174
"1368","BÉKÉS",1,"Kovács Sabrina","SZOCIÁLDEMOKRATÁK",86
"1369","JÁSZ-NAGYKUN-SZOLNOK",2,"Kökény Kálmán","SZOCIÁLDEMOKRATÁK",131
"1370","BORSOD-ABAÚJ-ZEMPLÉN",6,"Kulin Beáta","SZOCIÁLDEMOKRATÁK",106
"1371","PEST",11,"Lakos Veronika","SZOCIÁLDEMOKRATÁK",103
"1372","HAJDÚ-BIHAR",3,"Leiterné Pálfalvi Petra","SZOCIÁLDEMOKRATÁK",88
"1373","SOMOGY",2,"Lóth Ferenc","SZOCIÁLDEMOKRATÁK",57
"1374","GYŐR-MOSON-SOPRON",5,"Mácsik János","SZOCIÁLDEMOKRATÁK",158
"1375","NÓGRÁD",2,"Makó András","SZOCIÁLDEMOKRATÁK",85
"1376","CSONGRÁD",1,"Mészáros Zoltán Miklósné","SZOCIÁLDEMOKRATÁK",129
"1377","HEVES",3,"Molnár János","SZOCIÁLDEMOKRATÁK",110
"1378","BARANYA",3,"Móricz Károly Antalné","SZOCIÁLDEMOKRATÁK",113
"1379","HAJDÚ-BIHAR",6,"Nagy Károly Tiborné","SZOCIÁLDEMOKRATÁK",88
"1380","HAJDÚ-BIHAR",4,"Nagy Sándor","SZOCIÁLDEMOKRATÁK",145
"1381","SOMOGY",3,"Nagyillés Máté","SZOCIÁLDEMOKRATÁK",71
"1382","PEST",4,"Nógrádi Ferenc","SZOCIÁLDEMOKRATÁK",114
"1383","BÁCS-KISKUN",1,"Orbán Gábor","SZOCIÁLDEMOKRATÁK",103
"1384","FEJÉR",4,"Orha Zoltán Béla","SZOCIÁLDEMOKRATÁK",205
"1385","FEJÉR",1,"Pasa Gabriella","SZOCIÁLDEMOKRATÁK",211
"1386","BUDAPEST",14,"Paul Tamás","SZOCIÁLDEMOKRATÁK",190
"1387","BUDAPEST",10,"Póznik György Csaba","SZOCIÁLDEMOKRATÁK",309
"1388","BÉKÉS",2,"Rádai Alex","SZOCIÁLDEMOKRATÁK",178
"1389","BÁCS-KISKUN",6,"Radics Istvánné","SZOCIÁLDEMOKRATÁK",74
"1390","BUDAPEST",17,"Rózsa Gyula Attila","SZOCIÁLDEMOKRATÁK",165
"1391","GYŐR-MOSON-SOPRON",1,"Sali Csaba","SZOCIÁLDEMOKRATÁK",144
"1392","BUDAPEST",11,"Schiller László","SZOCIÁLDEMOKRATÁK",220
"1393","PEST",9,"Schiller Roland","SZOCIÁLDEMOKRATÁK",65
"1394","BORSOD-ABAÚJ-ZEMPLÉN",7,"Simkó István Tamás","SZOCIÁLDEMOKRATÁK",88
"1395","SZABOLCS-SZATMÁR-BEREG",4,"Sipos László","SZOCIÁLDEMOKRATÁK",226
"1396","NÓGRÁD",1,"Sturmann Béla","SZOCIÁLDEMOKRATÁK",137
"1397","HEVES",2,"Szabó Sándor Miklós","SZOCIÁLDEMOKRATÁK",80
"1398","GYŐR-MOSON-SOPRON",4,"Szendi Krisztián","SZOCIÁLDEMOKRATÁK",109
"1399","BUDAPEST",1,"Szöllősi Istvánné","SZOCIÁLDEMOKRATÁK",321
"1400","GYŐR-MOSON-SOPRON",2,"Takács András","SZOCIÁLDEMOKRATÁK",179
"1401","PEST",7,"Tóth László","SZOCIÁLDEMOKRATÁK",116
"1402","VESZPRÉM",3,"Tóth Tibor","SZOCIÁLDEMOKRATÁK",147
"1403","VESZPRÉM",2,"Török Mónika","SZOCIÁLDEMOKRATÁK",154
"1404","JÁSZ-NAGYKUN-SZOLNOK",4,"Váradi László","SZOCIÁLDEMOKRATÁK",74
"1405","SZABOLCS-SZATMÁR-BEREG",6,"Varga Krisztián","SZOCIÁLDEMOKRATÁK",94
"1406","FEJÉR",2,"Vékony János","SZOCIÁLDEMOKRATÁK",170
"1407","BORSOD-ABAÚJ-ZEMPLÉN",2,"Vékony Mária","SZOCIÁLDEMOKRATÁK",120
"1408","BORSOD-ABAÚJ-ZEMPLÉN",4,"Bezsilla Zoltán","TBP",66
"1409","BORSOD-ABAÚJ-ZEMPLÉN",1,"Csetfalvi Attila","TBP",18
"1410","SZABOLCS-SZATMÁR-BEREG",6,"Jakab József","TBP",51
"1411","SZABOLCS-SZATMÁR-BEREG",2,"Nagy Attila","TBP",24
"1412","BORSOD-ABAÚJ-ZEMPLÉN",7,"Nagy Attila","TBP",23
"1413","BÁCS-KISKUN",1,"Borbély József","TEMPO",84
"1414","BARANYA",1,"Csiszárné Nagy Erzsébet","TEMPO",70
"1415","PEST",10,"Gáspár Attila","TEMPO",41
"1416","BÁCS-KISKUN",3,"Harkai Péterné","TEMPO",61
"1417","PEST",4,"Karnis Gáborné","TEMPO",45
"1418","BÁCS-KISKUN",6,"Kolozsvári Julianna","TEMPO",129
"1419","BÁCS-KISKUN",2,"Ladányi György","TEMPO",80
"1420","HAJDÚ-BIHAR",5,"Szincsák Sándor","TEMPO",149
"1421","BÁCS-KISKUN",5,"Tajti Katalin","TEMPO",47
"1422","BARANYA",4,"Tomkó Miklós László","TEMPO",73
"1423","HAJDÚ-BIHAR",6,"Tóth Miklósné","TEMPO",22
"1424","BARANYA",3,"Zelei Pálné","TEMPO",30
"1425","BORSOD-ABAÚJ-ZEMPLÉN",4,"Balogh Izabella Margit","ÚDP",13
"1426","BUDAPEST",15,"Beszeda Anna","ÚDP",45
"1427","BUDAPEST",6,"Cseh Rita","ÚDP",43
"1428","BARANYA",4,"Dénes Árpád","ÚDP",7
"1429","BUDAPEST",14,"Éger Viktória Zsuzsanna","ÚDP",50
"1430","HAJDÚ-BIHAR",6,"Fábián Kornél","ÚDP",18
"1431","CSONGRÁD",1,"Faragó Bence","ÚDP",43
"1432","SOMOGY",2,"Farkas Gábor","ÚDP",13
"1433","GYŐR-MOSON-SOPRON",4,"Fendrik Attila","ÚDP",75
"1434","BORSOD-ABAÚJ-ZEMPLÉN",1,"Gáspár Ferenc","ÚDP",15
"1435","SOMOGY",1,"Halmos Rita","ÚDP",35
"1436","BUDAPEST",16,"Harmainé Szabó Éva","ÚDP",23
"1437","SOMOGY",4,"Herczeg Attila","ÚDP",35
"1438","BORSOD-ABAÚJ-ZEMPLÉN",6,"Horváth Zoltán","ÚDP",40
"1439","BUDAPEST",9,"Kállai Zsolt","ÚDP",32
"1440","PEST",3,"Kámán Dávid Miklós","ÚDP",23
"1441","BÉKÉS",3,"Kempf-Bereczki Mária","ÚDP",10
"1442","BÉKÉS",4,"Kempf András","ÚDP",28
"1443","BÁCS-KISKUN",3,"Kindl László","ÚDP",23
"1444","VESZPRÉM",4,"Király Jenny","ÚDP",28
"1445","VESZPRÉM",3,"Kócs Felicián Gábor","ÚDP",34
"1446","BARANYA",3,"Kovács István","ÚDP",37
"1447","VAS",1,"Kovács Szabolcs","ÚDP",39
"1448","GYŐR-MOSON-SOPRON",5,"Ködmön Szabolcs","ÚDP",34
"1449","BORSOD-ABAÚJ-ZEMPLÉN",3,"Lázi Csaba","ÚDP",18
"1450","PEST",8,"Lovász Márk Renátó","ÚDP",13
"1451","SZABOLCS-SZATMÁR-BEREG",1,"Makula Gábriel","ÚDP",14
"1452","TOLNA",1,"Molnár Attila","ÚDP",32
"1453","BORSOD-ABAÚJ-ZEMPLÉN",5,"Musa Károly Rudolf","ÚDP",15
"1454","HAJDÚ-BIHAR",5,"Nagy Ildikó","ÚDP",20
"1455","ZALA",2,"Nagy Richárd","ÚDP",36
"1456","FEJÉR",1,"Németh Erik","ÚDP",49
"1457","VAS",2,"Orbán Gergő","ÚDP",126
"1458","GYŐR-MOSON-SOPRON",3,"Papp Péter","ÚDP",58
"1459","BARANYA",2,"Parádainé Jászfi Viktória","ÚDP",26
"1460","KOMÁROM-ESZTERGOM",3,"Pintér László","ÚDP",82
"1461","PEST",7,"Rab Alexandra","ÚDP",29
"1462","ZALA",1,"Salamon László","ÚDP",42
"1463","BÁCS-KISKUN",5,"Sárosi Albert János","ÚDP",26
"1464","NÓGRÁD",1,"Szabó Zsolt Attila","ÚDP",25
"1465","GYŐR-MOSON-SOPRON",1,"Szalay András","ÚDP",40
"1466","BUDAPEST",17,"Szaniszló-Bénus Benjamin","ÚDP",22
"1467","BÉKÉS",1,"Szegedi Éva","ÚDP",51
"1468","VAS",3,"Takács Ádám","ÚDP",43
"1469","VESZPRÉM",2,"Tar Krisztián","ÚDP",35
"1470","BÉKÉS",2,"Ungvári Imre","ÚDP",19
"1471","VESZPRÉM",1,"Vajda Krisztián","ÚDP",50
"1472","SOMOGY",3,"Varga Zsolt","ÚDP",22
"1473","PEST",11,"Zsigár József","ÚDP",70
"1474","SOMOGY",4,"Pankász Róbert","ÚGP",80
"1475","VESZPRÉM",3,"Széll Tamás","ÚGP",87
"1476","HAJDÚ-BIHAR",6,"Andorkó László","ÚMP",35
"1477","PEST",3,"Árvay-Nagy Anna","ÚMP",42
"1478","BÁCS-KISKUN",3,"Bakó Tamás","ÚMP",28
"1479","PEST",8,"Barna Béla","ÚMP",22
"1480","SOMOGY",1,"Bogdán Gábor","ÚMP",25
"1481","BORSOD-ABAÚJ-ZEMPLÉN",6,"Budai Mária","ÚMP",22
"1482","FEJÉR",5,"Debreceni Péter","ÚMP",40
"1483","ZALA",1,"Domokos Ádám","ÚMP",46
"1484","BUDAPEST",16,"Fábián Ferenc","ÚMP",24
"1485","BÉKÉS",3,"Fazekas Gáborné","ÚMP",24
"1486","BARANYA",4,"Fonád Gyula Sándor","ÚMP",10
"1487","GYŐR-MOSON-SOPRON",5,"Földvárszki István","ÚMP",19
"1488","BORSOD-ABAÚJ-ZEMPLÉN",1,"Gáspár Ferenc","ÚMP",33
"1489","BORSOD-ABAÚJ-ZEMPLÉN",3,"Gömöri András","ÚMP",13
"1490","BORSOD-ABAÚJ-ZEMPLÉN",4,"Hafenscher Balázs","ÚMP",8
"1491","SOMOGY",3,"Halmos Istvánné","ÚMP",30
"1492","BUDAPEST",9,"Jónás Lajos","ÚMP",26
"1493","VESZPRÉM",4,"Királyné Ferencz Ildikó","ÚMP",53
"1494","BUDAPEST",15,"Koltai Péterné","ÚMP",44
"1495","VESZPRÉM",3,"Kottán Georgina","ÚMP",38
"1496","ZALA",2,"Kottán Krisztián","ÚMP",96
"1497","GYŐR-MOSON-SOPRON",4,"Kovács Martin Tamás","ÚMP",72
"1498","VESZPRÉM",1,"Kozmor Imre Ferenc","ÚMP",25
"1499","BÉKÉS",4,"Krisán László","ÚMP",22
"1500","VAS",1,"Laki Gábor","ÚMP",61
"1501","BARANYA",3,"László Judit","ÚMP",41
"1502","SOMOGY",4,"Majkó Gyula Miklós","ÚMP",45
"1503","SZABOLCS-SZATMÁR-BEREG",1,"Makula Andrásné","ÚMP",8
"1504","JÁSZ-NAGYKUN-SZOLNOK",3,"Málovits Martin Dániel","ÚMP",12
"1505","BORSOD-ABAÚJ-ZEMPLÉN",5,"Mata Szabolcs","ÚMP",27
"1506","GYŐR-MOSON-SOPRON",3,"Mersich Dániel","ÚMP",40
"1507","BÉKÉS",2,"Mészáros Gina Ildikó","ÚMP",69
"1508","BÉKÉS",1,"Nagy Zsolt","ÚMP",33
"1509","KOMÁROM-ESZTERGOM",3,"Nemes Tibor","ÚMP",48
"1510","GYŐR-MOSON-SOPRON",1,"Németh Sándor","ÚMP",33
"1511","SOMOGY",2,"Pávics Szabolcs József","ÚMP",44
"1512","BUDAPEST",17,"Perseg Imre","ÚMP",46
"1513","BARANYA",2,"Petrecz Veronika","ÚMP",35
"1514","FEJÉR",3,"Pilz István Gábor","ÚMP",15
"1515","BUDAPEST",14,"Polgár Dániel Attila","ÚMP",38
"1516","VAS",3,"Racker Béla","ÚMP",25
"1517","BÁCS-KISKUN",4,"Szabó Bettina","ÚMP",60
"1518","FEJÉR",4,"Szarvas Dénes","ÚMP",22
"1519","PEST",7,"Százi Nikolett","ÚMP",28
"1520","GYŐR-MOSON-SOPRON",2,"Tánczos Ádám Péter","ÚMP",59
"1521","VAS",2,"Táncsics Péter","ÚMP",317
"1522","BUDAPEST",6,"Torma Zsolt","ÚMP",29
"1523","VESZPRÉM",2,"Varga Péter Roland","ÚMP",50
"1524","TOLNA",1,"Vas Jácint","ÚMP",12
"1525","PEST",4,"Zsigmond Attiláné","ÚMP",24
"1526","TOLNA",2,"Banainé Kömüves Anita","ZÖLDEK",218
"1527","SZABOLCS-SZATMÁR-BEREG",6,"Bodó Istvánné","ZÖLDEK",85
"1528","HAJDÚ-BIHAR",1,"Domboróczki Rita","ZÖLDEK",496
"1529","BUDAPEST",10,"Dr. Brezovits László János","ZÖLDEK",585
"1530","SZABOLCS-SZATMÁR-BEREG",3,"Farkas Bertalan","ZÖLDEK",287
"1531","CSONGRÁD",4,"Gera Katalin","ZÖLDEK",259
"1532","NÓGRÁD",2,"Hegedűs Ervin","ZÖLDEK",195
"1533","BUDAPEST",6,"Hollós Péter Lóránt","ZÖLDEK",293
"1534","HEVES",2,"Horváth Mihály","ZÖLDEK",192
"1535","HEVES",1,"Kecskés Gábor","ZÖLDEK",276
"1536","PEST",3,"Kiss János","ZÖLDEK",413
"1537","BUDAPEST",18,"Kovács-Haász Veronika","ZÖLDEK",499
"1538","FEJÉR",2,"Kovács Lili","ZÖLDEK",499
"1539","BUDAPEST",12,"Lakatosné László Beáta","ZÖLDEK",366
"1540","NÓGRÁD",1,"Lantos István","ZÖLDEK",159
"1541","PEST",1,"Lázár Andrea","ZÖLDEK",455
"1542","PEST",10,"Légrádi József Zoltán","ZÖLDEK",166
"1543","BORSOD-ABAÚJ-ZEMPLÉN",1,"Lovrity István","ZÖLDEK",298
"1544","KOMÁROM-ESZTERGOM",1,"Mayer Péter","ZÖLDEK",252
"1545","PEST",7,"Mersei Eszter","ZÖLDEK",487
"1546","HAJDÚ-BIHAR",6,"Oroszi Istvánné","ZÖLDEK",143
"1547","VESZPRÉM",4,"Pászli Ferenc","ZÖLDEK",176
"1548","CSONGRÁD",3,"Rácz József","ZÖLDEK",318
"1549","SZABOLCS-SZATMÁR-BEREG",5,"Sasvári Erzsébet","ZÖLDEK",65
"1550","SZABOLCS-SZATMÁR-BEREG",2,"Sipos Éva Katalin","ZÖLDEK",178
"1551","BORSOD-ABAÚJ-ZEMPLÉN",2,"Szabóné Füle Márta","ZÖLDEK",335
"1552","BÁCS-KISKUN",1,"Szarka Szilvia","ZÖLDEK",346
"1553","SOMOGY",1,"Tilinger Péter Márk","ZÖLDEK",218
"1554","BORSOD-ABAÚJ-ZEMPLÉN",7,"Tokár Andrásné","ZÖLDEK",152
"1555","SZABOLCS-SZATMÁR-BEREG",4,"Tóth Gábor","ZÖLDEK",101
"1556","CSONGRÁD",1,"Török Tamás","ZÖLDEK",409
"1557","SZABOLCS-SZATMÁR-BEREG",1,"Varga Áronné","ZÖLDEK",168
"1558","PEST",4,"Vitéz Attila","ZÖLDEK",303
