"","megye","oevk","szervezet","szavazat"
"1","BÁCS-KISKUN",1,"A HAZA NEM ELADÓ MOZGALOM PÁRT",171
"2","BARANYA",1,"A HAZA NEM ELADÓ MOZGALOM PÁRT",433
"3","BÉKÉS",1,"A HAZA NEM ELADÓ MOZGALOM PÁRT",645
"4","BORSOD-ABAÚJ-ZEMPLÉN",1,"A HAZA NEM ELADÓ MOZGALOM PÁRT",201
"5","BUDAPEST",1,"A HAZA NEM ELADÓ MOZGALOM PÁRT",88
"6","CSONGRÁD",1,"A HAZA NEM ELADÓ MOZGALOM PÁRT",344
"7","FEJÉR",1,"A HAZA NEM ELADÓ MOZGALOM PÁRT",177
"8","GYŐR-MOSON-SOPRON",1,"A HAZA NEM ELADÓ MOZGALOM PÁRT",85
"9","HAJDÚ-BIHAR",1,"A HAZA NEM ELADÓ MOZGALOM PÁRT",302
"10","HEVES",1,"A HAZA NEM ELADÓ MOZGALOM PÁRT",256
"11","JÁSZ-NAGYKUN-SZOLNOK",1,"A HAZA NEM ELADÓ MOZGALOM PÁRT",258
"12","KOMÁROM-ESZTERGOM",1,"A HAZA NEM ELADÓ MOZGALOM PÁRT",506
"13","NÓGRÁD",1,"A HAZA NEM ELADÓ MOZGALOM PÁRT",294
"14","PEST",1,"A HAZA NEM ELADÓ MOZGALOM PÁRT",232
"15","SOMOGY",1,"A HAZA NEM ELADÓ MOZGALOM PÁRT",213
"16","SZABOLCS-SZATMÁR-BEREG",1,"A HAZA NEM ELADÓ MOZGALOM PÁRT",309
"17","TOLNA",1,"A HAZA NEM ELADÓ MOZGALOM PÁRT",198
"18","VAS",1,"A HAZA NEM ELADÓ MOZGALOM PÁRT",71
"19","VESZPRÉM",1,"A HAZA NEM ELADÓ MOZGALOM PÁRT",222
"20","ZALA",1,"A HAZA NEM ELADÓ MOZGALOM PÁRT",112
"21","BÁCS-KISKUN",2,"A HAZA NEM ELADÓ MOZGALOM PÁRT",263
"22","BARANYA",2,"A HAZA NEM ELADÓ MOZGALOM PÁRT",405
"23","BÉKÉS",2,"A HAZA NEM ELADÓ MOZGALOM PÁRT",416
"24","BORSOD-ABAÚJ-ZEMPLÉN",2,"A HAZA NEM ELADÓ MOZGALOM PÁRT",205
"25","BUDAPEST",2,"A HAZA NEM ELADÓ MOZGALOM PÁRT",95
"26","CSONGRÁD",2,"A HAZA NEM ELADÓ MOZGALOM PÁRT",317
"27","FEJÉR",2,"A HAZA NEM ELADÓ MOZGALOM PÁRT",137
"28","GYŐR-MOSON-SOPRON",2,"A HAZA NEM ELADÓ MOZGALOM PÁRT",93
"29","HAJDÚ-BIHAR",2,"A HAZA NEM ELADÓ MOZGALOM PÁRT",286
"30","HEVES",2,"A HAZA NEM ELADÓ MOZGALOM PÁRT",181
"31","JÁSZ-NAGYKUN-SZOLNOK",2,"A HAZA NEM ELADÓ MOZGALOM PÁRT",180
"32","KOMÁROM-ESZTERGOM",2,"A HAZA NEM ELADÓ MOZGALOM PÁRT",174
"33","NÓGRÁD",2,"A HAZA NEM ELADÓ MOZGALOM PÁRT",227
"34","PEST",2,"A HAZA NEM ELADÓ MOZGALOM PÁRT",226
"35","SOMOGY",2,"A HAZA NEM ELADÓ MOZGALOM PÁRT",121
"36","SZABOLCS-SZATMÁR-BEREG",2,"A HAZA NEM ELADÓ MOZGALOM PÁRT",156
"37","TOLNA",2,"A HAZA NEM ELADÓ MOZGALOM PÁRT",167
"38","VAS",2,"A HAZA NEM ELADÓ MOZGALOM PÁRT",82
"39","VESZPRÉM",2,"A HAZA NEM ELADÓ MOZGALOM PÁRT",238
"40","ZALA",2,"A HAZA NEM ELADÓ MOZGALOM PÁRT",266
"41","BÁCS-KISKUN",3,"A HAZA NEM ELADÓ MOZGALOM PÁRT",100
"42","BARANYA",3,"A HAZA NEM ELADÓ MOZGALOM PÁRT",223
"43","BÉKÉS",3,"A HAZA NEM ELADÓ MOZGALOM PÁRT",1312
"44","BORSOD-ABAÚJ-ZEMPLÉN",3,"A HAZA NEM ELADÓ MOZGALOM PÁRT",109
"45","BUDAPEST",3,"A HAZA NEM ELADÓ MOZGALOM PÁRT",76
"46","CSONGRÁD",3,"A HAZA NEM ELADÓ MOZGALOM PÁRT",397
"47","FEJÉR",3,"A HAZA NEM ELADÓ MOZGALOM PÁRT",185
"48","GYŐR-MOSON-SOPRON",3,"A HAZA NEM ELADÓ MOZGALOM PÁRT",62
"49","HAJDÚ-BIHAR",3,"A HAZA NEM ELADÓ MOZGALOM PÁRT",256
"50","HEVES",3,"A HAZA NEM ELADÓ MOZGALOM PÁRT",147
"51","JÁSZ-NAGYKUN-SZOLNOK",3,"A HAZA NEM ELADÓ MOZGALOM PÁRT",231
"52","KOMÁROM-ESZTERGOM",3,"A HAZA NEM ELADÓ MOZGALOM PÁRT",313
"53","PEST",3,"A HAZA NEM ELADÓ MOZGALOM PÁRT",205
"54","SOMOGY",3,"A HAZA NEM ELADÓ MOZGALOM PÁRT",205
"55","SZABOLCS-SZATMÁR-BEREG",3,"A HAZA NEM ELADÓ MOZGALOM PÁRT",155
"56","TOLNA",3,"A HAZA NEM ELADÓ MOZGALOM PÁRT",179
"57","VAS",3,"A HAZA NEM ELADÓ MOZGALOM PÁRT",162
"58","VESZPRÉM",3,"A HAZA NEM ELADÓ MOZGALOM PÁRT",193
"59","ZALA",3,"A HAZA NEM ELADÓ MOZGALOM PÁRT",171
"60","BÁCS-KISKUN",4,"A HAZA NEM ELADÓ MOZGALOM PÁRT",127
"61","BARANYA",4,"A HAZA NEM ELADÓ MOZGALOM PÁRT",319
"62","BÉKÉS",4,"A HAZA NEM ELADÓ MOZGALOM PÁRT",516
"63","BORSOD-ABAÚJ-ZEMPLÉN",4,"A HAZA NEM ELADÓ MOZGALOM PÁRT",136
"64","BUDAPEST",4,"A HAZA NEM ELADÓ MOZGALOM PÁRT",76
"65","CSONGRÁD",4,"A HAZA NEM ELADÓ MOZGALOM PÁRT",321
"66","FEJÉR",4,"A HAZA NEM ELADÓ MOZGALOM PÁRT",219
"67","GYŐR-MOSON-SOPRON",4,"A HAZA NEM ELADÓ MOZGALOM PÁRT",119
"68","HAJDÚ-BIHAR",4,"A HAZA NEM ELADÓ MOZGALOM PÁRT",108
"69","JÁSZ-NAGYKUN-SZOLNOK",4,"A HAZA NEM ELADÓ MOZGALOM PÁRT",272
"70","PEST",4,"A HAZA NEM ELADÓ MOZGALOM PÁRT",273
"71","SOMOGY",4,"A HAZA NEM ELADÓ MOZGALOM PÁRT",200
"72","SZABOLCS-SZATMÁR-BEREG",4,"A HAZA NEM ELADÓ MOZGALOM PÁRT",82
"73","VESZPRÉM",4,"A HAZA NEM ELADÓ MOZGALOM PÁRT",129
"74","BÁCS-KISKUN",5,"A HAZA NEM ELADÓ MOZGALOM PÁRT",106
"75","BORSOD-ABAÚJ-ZEMPLÉN",5,"A HAZA NEM ELADÓ MOZGALOM PÁRT",158
"76","BUDAPEST",5,"A HAZA NEM ELADÓ MOZGALOM PÁRT",100
"77","FEJÉR",5,"A HAZA NEM ELADÓ MOZGALOM PÁRT",108
"78","GYŐR-MOSON-SOPRON",5,"A HAZA NEM ELADÓ MOZGALOM PÁRT",108
"79","HAJDÚ-BIHAR",5,"A HAZA NEM ELADÓ MOZGALOM PÁRT",325
"80","PEST",5,"A HAZA NEM ELADÓ MOZGALOM PÁRT",523
"81","SZABOLCS-SZATMÁR-BEREG",5,"A HAZA NEM ELADÓ MOZGALOM PÁRT",90
"82","BÁCS-KISKUN",6,"A HAZA NEM ELADÓ MOZGALOM PÁRT",158
"83","BORSOD-ABAÚJ-ZEMPLÉN",6,"A HAZA NEM ELADÓ MOZGALOM PÁRT",171
"84","BUDAPEST",6,"A HAZA NEM ELADÓ MOZGALOM PÁRT",110
"85","HAJDÚ-BIHAR",6,"A HAZA NEM ELADÓ MOZGALOM PÁRT",288
"86","PEST",6,"A HAZA NEM ELADÓ MOZGALOM PÁRT",554
"87","SZABOLCS-SZATMÁR-BEREG",6,"A HAZA NEM ELADÓ MOZGALOM PÁRT",141
"88","BORSOD-ABAÚJ-ZEMPLÉN",7,"A HAZA NEM ELADÓ MOZGALOM PÁRT",207
"89","BUDAPEST",7,"A HAZA NEM ELADÓ MOZGALOM PÁRT",97
"90","PEST",7,"A HAZA NEM ELADÓ MOZGALOM PÁRT",409
"91","BUDAPEST",8,"A HAZA NEM ELADÓ MOZGALOM PÁRT",134
"92","PEST",8,"A HAZA NEM ELADÓ MOZGALOM PÁRT",262
"93","BUDAPEST",9,"A HAZA NEM ELADÓ MOZGALOM PÁRT",138
"94","PEST",9,"A HAZA NEM ELADÓ MOZGALOM PÁRT",244
"95","BUDAPEST",10,"A HAZA NEM ELADÓ MOZGALOM PÁRT",190
"96","PEST",10,"A HAZA NEM ELADÓ MOZGALOM PÁRT",186
"97","BUDAPEST",11,"A HAZA NEM ELADÓ MOZGALOM PÁRT",202
"98","PEST",11,"A HAZA NEM ELADÓ MOZGALOM PÁRT",172
"99","BUDAPEST",12,"A HAZA NEM ELADÓ MOZGALOM PÁRT",211
"100","PEST",12,"A HAZA NEM ELADÓ MOZGALOM PÁRT",205
"101","BUDAPEST",13,"A HAZA NEM ELADÓ MOZGALOM PÁRT",136
"102","BUDAPEST",14,"A HAZA NEM ELADÓ MOZGALOM PÁRT",193
"103","BUDAPEST",15,"A HAZA NEM ELADÓ MOZGALOM PÁRT",210
"104","BUDAPEST",16,"A HAZA NEM ELADÓ MOZGALOM PÁRT",137
"105","BUDAPEST",17,"A HAZA NEM ELADÓ MOZGALOM PÁRT",146
"106","BUDAPEST",18,"A HAZA NEM ELADÓ MOZGALOM PÁRT",129
"107","BÁCS-KISKUN",1,"EGYÜTT 2014",112
"108","BARANYA",1,"EGYÜTT 2014",217
"109","BÉKÉS",1,"EGYÜTT 2014",122
"110","BORSOD-ABAÚJ-ZEMPLÉN",1,"EGYÜTT 2014",175
"111","BUDAPEST",1,"EGYÜTT 2014",141
"112","CSONGRÁD",1,"EGYÜTT 2014",230
"113","FEJÉR",1,"EGYÜTT 2014",109
"114","GYŐR-MOSON-SOPRON",1,"EGYÜTT 2014",117
"115","HAJDÚ-BIHAR",1,"EGYÜTT 2014",121
"116","HEVES",1,"EGYÜTT 2014",129
"117","JÁSZ-NAGYKUN-SZOLNOK",1,"EGYÜTT 2014",96
"118","KOMÁROM-ESZTERGOM",1,"EGYÜTT 2014",133
"119","NÓGRÁD",1,"EGYÜTT 2014",127
"120","PEST",1,"EGYÜTT 2014",193
"121","SOMOGY",1,"EGYÜTT 2014",144
"122","SZABOLCS-SZATMÁR-BEREG",1,"EGYÜTT 2014",141
"123","TOLNA",1,"EGYÜTT 2014",77
"124","VAS",1,"EGYÜTT 2014",112
"125","VESZPRÉM",1,"EGYÜTT 2014",124
"126","ZALA",1,"EGYÜTT 2014",135
"127","BÁCS-KISKUN",2,"EGYÜTT 2014",128
"128","BARANYA",2,"EGYÜTT 2014",129
"129","BÉKÉS",2,"EGYÜTT 2014",63
"130","BORSOD-ABAÚJ-ZEMPLÉN",2,"EGYÜTT 2014",101
"131","BUDAPEST",2,"EGYÜTT 2014",149
"132","CSONGRÁD",2,"EGYÜTT 2014",145
"133","FEJÉR",2,"EGYÜTT 2014",151
"134","GYŐR-MOSON-SOPRON",2,"EGYÜTT 2014",120
"135","HAJDÚ-BIHAR",2,"EGYÜTT 2014",112
"136","HEVES",2,"EGYÜTT 2014",99
"137","JÁSZ-NAGYKUN-SZOLNOK",2,"EGYÜTT 2014",70
"138","KOMÁROM-ESZTERGOM",2,"EGYÜTT 2014",133
"139","NÓGRÁD",2,"EGYÜTT 2014",121
"140","PEST",2,"EGYÜTT 2014",203
"141","SOMOGY",2,"EGYÜTT 2014",102
"142","SZABOLCS-SZATMÁR-BEREG",2,"EGYÜTT 2014",82
"143","TOLNA",2,"EGYÜTT 2014",87
"144","VAS",2,"EGYÜTT 2014",93
"145","VESZPRÉM",2,"EGYÜTT 2014",143
"146","ZALA",2,"EGYÜTT 2014",97
"147","BÁCS-KISKUN",3,"EGYÜTT 2014",151
"148","BARANYA",3,"EGYÜTT 2014",145
"149","BÉKÉS",3,"EGYÜTT 2014",103
"150","BORSOD-ABAÚJ-ZEMPLÉN",3,"EGYÜTT 2014",97
"151","BUDAPEST",3,"EGYÜTT 2014",166
"152","CSONGRÁD",3,"EGYÜTT 2014",124
"153","FEJÉR",3,"EGYÜTT 2014",173
"154","GYŐR-MOSON-SOPRON",3,"EGYÜTT 2014",87
"155","HAJDÚ-BIHAR",3,"EGYÜTT 2014",60
"156","HEVES",3,"EGYÜTT 2014",83
"157","JÁSZ-NAGYKUN-SZOLNOK",3,"EGYÜTT 2014",57
"158","KOMÁROM-ESZTERGOM",3,"EGYÜTT 2014",108
"159","PEST",3,"EGYÜTT 2014",278
"160","SOMOGY",3,"EGYÜTT 2014",73
"161","SZABOLCS-SZATMÁR-BEREG",3,"EGYÜTT 2014",62
"162","TOLNA",3,"EGYÜTT 2014",68
"163","VAS",3,"EGYÜTT 2014",114
"164","VESZPRÉM",3,"EGYÜTT 2014",83
"165","ZALA",3,"EGYÜTT 2014",118
"166","BÁCS-KISKUN",4,"EGYÜTT 2014",90
"167","BARANYA",4,"EGYÜTT 2014",120
"168","BÉKÉS",4,"EGYÜTT 2014",89
"169","BORSOD-ABAÚJ-ZEMPLÉN",4,"EGYÜTT 2014",111
"170","BUDAPEST",4,"EGYÜTT 2014",150
"171","CSONGRÁD",4,"EGYÜTT 2014",94
"172","FEJÉR",4,"EGYÜTT 2014",175
"173","GYŐR-MOSON-SOPRON",4,"EGYÜTT 2014",104
"174","HAJDÚ-BIHAR",4,"EGYÜTT 2014",73
"175","JÁSZ-NAGYKUN-SZOLNOK",4,"EGYÜTT 2014",57
"176","PEST",4,"EGYÜTT 2014",111
"177","SOMOGY",4,"EGYÜTT 2014",119
"178","SZABOLCS-SZATMÁR-BEREG",4,"EGYÜTT 2014",98
"179","VESZPRÉM",4,"EGYÜTT 2014",88
"180","BÁCS-KISKUN",5,"EGYÜTT 2014",91
"181","BORSOD-ABAÚJ-ZEMPLÉN",5,"EGYÜTT 2014",96
"182","BUDAPEST",5,"EGYÜTT 2014",182
"183","FEJÉR",5,"EGYÜTT 2014",90
"184","GYŐR-MOSON-SOPRON",5,"EGYÜTT 2014",143
"185","HAJDÚ-BIHAR",5,"EGYÜTT 2014",69
"186","PEST",5,"EGYÜTT 2014",231
"187","SZABOLCS-SZATMÁR-BEREG",5,"EGYÜTT 2014",43
"188","BÁCS-KISKUN",6,"EGYÜTT 2014",143
"189","BORSOD-ABAÚJ-ZEMPLÉN",6,"EGYÜTT 2014",120
"190","BUDAPEST",6,"EGYÜTT 2014",147
"191","HAJDÚ-BIHAR",6,"EGYÜTT 2014",71
"192","PEST",6,"EGYÜTT 2014",199
"193","SZABOLCS-SZATMÁR-BEREG",6,"EGYÜTT 2014",58
"194","BORSOD-ABAÚJ-ZEMPLÉN",7,"EGYÜTT 2014",98
"195","BUDAPEST",7,"EGYÜTT 2014",166
"196","PEST",7,"EGYÜTT 2014",243
"197","BUDAPEST",8,"EGYÜTT 2014",187
"198","PEST",8,"EGYÜTT 2014",277
"199","BUDAPEST",9,"EGYÜTT 2014",228
"200","PEST",9,"EGYÜTT 2014",73
"201","BUDAPEST",10,"EGYÜTT 2014",275
"202","PEST",10,"EGYÜTT 2014",199
"203","BUDAPEST",11,"EGYÜTT 2014",181
"204","PEST",11,"EGYÜTT 2014",230
"205","BUDAPEST",12,"EGYÜTT 2014",175
"206","PEST",12,"EGYÜTT 2014",93
"207","BUDAPEST",13,"EGYÜTT 2014",160
"208","BUDAPEST",14,"EGYÜTT 2014",260
"209","BUDAPEST",15,"EGYÜTT 2014",231
"210","BUDAPEST",16,"EGYÜTT 2014",170
"211","BUDAPEST",17,"EGYÜTT 2014",213
"212","BUDAPEST",18,"EGYÜTT 2014",198
"213","BÁCS-KISKUN",1,"FIDESZ-KDNP",20731
"214","BARANYA",1,"FIDESZ-KDNP",18466
"215","BÉKÉS",1,"FIDESZ-KDNP",18149
"216","BORSOD-ABAÚJ-ZEMPLÉN",1,"FIDESZ-KDNP",16928
"217","BUDAPEST",1,"FIDESZ-KDNP",21073
"218","CSONGRÁD",1,"FIDESZ-KDNP",17283
"219","FEJÉR",1,"FIDESZ-KDNP",19170
"220","GYŐR-MOSON-SOPRON",1,"FIDESZ-KDNP",20946
"221","HAJDÚ-BIHAR",1,"FIDESZ-KDNP",20041
"222","HEVES",1,"FIDESZ-KDNP",21684
"223","JÁSZ-NAGYKUN-SZOLNOK",1,"FIDESZ-KDNP",18539
"224","KOMÁROM-ESZTERGOM",1,"FIDESZ-KDNP",19116
"225","NÓGRÁD",1,"FIDESZ-KDNP",18841
"226","PEST",1,"FIDESZ-KDNP",22199
"227","SOMOGY",1,"FIDESZ-KDNP",16538
"228","SZABOLCS-SZATMÁR-BEREG",1,"FIDESZ-KDNP",17474
"229","TOLNA",1,"FIDESZ-KDNP",17069
"230","VAS",1,"FIDESZ-KDNP",20964
"231","VESZPRÉM",1,"FIDESZ-KDNP",20860
"232","ZALA",1,"FIDESZ-KDNP",23406
"233","BÁCS-KISKUN",2,"FIDESZ-KDNP",21289
"234","BARANYA",2,"FIDESZ-KDNP",16842
"235","BÉKÉS",2,"FIDESZ-KDNP",19385
"236","BORSOD-ABAÚJ-ZEMPLÉN",2,"FIDESZ-KDNP",15363
"237","BUDAPEST",2,"FIDESZ-KDNP",23136
"238","CSONGRÁD",2,"FIDESZ-KDNP",22985
"239","FEJÉR",2,"FIDESZ-KDNP",22333
"240","GYŐR-MOSON-SOPRON",2,"FIDESZ-KDNP",23497
"241","HAJDÚ-BIHAR",2,"FIDESZ-KDNP",19268
"242","HEVES",2,"FIDESZ-KDNP",20670
"243","JÁSZ-NAGYKUN-SZOLNOK",2,"FIDESZ-KDNP",18747
"244","KOMÁROM-ESZTERGOM",2,"FIDESZ-KDNP",22018
"245","NÓGRÁD",2,"FIDESZ-KDNP",23922
"246","PEST",2,"FIDESZ-KDNP",27944
"247","SOMOGY",2,"FIDESZ-KDNP",15623
"248","SZABOLCS-SZATMÁR-BEREG",2,"FIDESZ-KDNP",18324
"249","TOLNA",2,"FIDESZ-KDNP",16951
"250","VAS",2,"FIDESZ-KDNP",23334
"251","VESZPRÉM",2,"FIDESZ-KDNP",21045
"252","ZALA",2,"FIDESZ-KDNP",22287
"253","BÁCS-KISKUN",3,"FIDESZ-KDNP",20391
"254","BARANYA",3,"FIDESZ-KDNP",20074
"255","BÉKÉS",3,"FIDESZ-KDNP",18814
"256","BORSOD-ABAÚJ-ZEMPLÉN",3,"FIDESZ-KDNP",15789
"257","BUDAPEST",3,"FIDESZ-KDNP",24243
"258","CSONGRÁD",3,"FIDESZ-KDNP",22215
"259","FEJÉR",3,"FIDESZ-KDNP",22748
"260","GYŐR-MOSON-SOPRON",3,"FIDESZ-KDNP",24786
"261","HAJDÚ-BIHAR",3,"FIDESZ-KDNP",20948
"262","HEVES",3,"FIDESZ-KDNP",19360
"263","JÁSZ-NAGYKUN-SZOLNOK",3,"FIDESZ-KDNP",22283
"264","KOMÁROM-ESZTERGOM",3,"FIDESZ-KDNP",22575
"265","PEST",3,"FIDESZ-KDNP",27470
"266","SOMOGY",3,"FIDESZ-KDNP",17559
"267","SZABOLCS-SZATMÁR-BEREG",3,"FIDESZ-KDNP",21660
"268","TOLNA",3,"FIDESZ-KDNP",18339
"269","VAS",3,"FIDESZ-KDNP",24410
"270","VESZPRÉM",3,"FIDESZ-KDNP",19296
"271","ZALA",3,"FIDESZ-KDNP",18368
"272","BÁCS-KISKUN",4,"FIDESZ-KDNP",21746
"273","BARANYA",4,"FIDESZ-KDNP",19388
"274","BÉKÉS",4,"FIDESZ-KDNP",20140
"275","BORSOD-ABAÚJ-ZEMPLÉN",4,"FIDESZ-KDNP",16709
"276","BUDAPEST",4,"FIDESZ-KDNP",23611
"277","CSONGRÁD",4,"FIDESZ-KDNP",20823
"278","FEJÉR",4,"FIDESZ-KDNP",15120
"279","GYŐR-MOSON-SOPRON",4,"FIDESZ-KDNP",24574
"280","HAJDÚ-BIHAR",4,"FIDESZ-KDNP",17576
"281","JÁSZ-NAGYKUN-SZOLNOK",4,"FIDESZ-KDNP",17831
"282","PEST",4,"FIDESZ-KDNP",22316
"283","SOMOGY",4,"FIDESZ-KDNP",18535
"284","SZABOLCS-SZATMÁR-BEREG",4,"FIDESZ-KDNP",23859
"285","VESZPRÉM",4,"FIDESZ-KDNP",21883
"286","BÁCS-KISKUN",5,"FIDESZ-KDNP",19409
"287","BORSOD-ABAÚJ-ZEMPLÉN",5,"FIDESZ-KDNP",19369
"288","BUDAPEST",5,"FIDESZ-KDNP",16688
"289","FEJÉR",5,"FIDESZ-KDNP",17954
"290","GYŐR-MOSON-SOPRON",5,"FIDESZ-KDNP",21875
"291","HAJDÚ-BIHAR",5,"FIDESZ-KDNP",17601
"292","PEST",5,"FIDESZ-KDNP",24255
"293","SZABOLCS-SZATMÁR-BEREG",5,"FIDESZ-KDNP",22230
"294","BÁCS-KISKUN",6,"FIDESZ-KDNP",18783
"295","BORSOD-ABAÚJ-ZEMPLÉN",6,"FIDESZ-KDNP",19030
"296","BUDAPEST",6,"FIDESZ-KDNP",15960
"297","HAJDÚ-BIHAR",6,"FIDESZ-KDNP",18713
"298","PEST",6,"FIDESZ-KDNP",24788
"299","SZABOLCS-SZATMÁR-BEREG",6,"FIDESZ-KDNP",20874
"300","BORSOD-ABAÚJ-ZEMPLÉN",7,"FIDESZ-KDNP",20522
"301","BUDAPEST",7,"FIDESZ-KDNP",16806
"302","PEST",7,"FIDESZ-KDNP",21887
"303","BUDAPEST",8,"FIDESZ-KDNP",19966
"304","PEST",8,"FIDESZ-KDNP",20512
"305","BUDAPEST",9,"FIDESZ-KDNP",17746
"306","PEST",9,"FIDESZ-KDNP",20174
"307","BUDAPEST",10,"FIDESZ-KDNP",18604
"308","PEST",10,"FIDESZ-KDNP",19140
"309","BUDAPEST",11,"FIDESZ-KDNP",17676
"310","PEST",11,"FIDESZ-KDNP",23192
"311","BUDAPEST",12,"FIDESZ-KDNP",18468
"312","PEST",12,"FIDESZ-KDNP",19610
"313","BUDAPEST",13,"FIDESZ-KDNP",20908
"314","BUDAPEST",14,"FIDESZ-KDNP",20715
"315","BUDAPEST",15,"FIDESZ-KDNP",20306
"316","BUDAPEST",16,"FIDESZ-KDNP",17786
"317","BUDAPEST",17,"FIDESZ-KDNP",17758
"318","BUDAPEST",18,"FIDESZ-KDNP",22958
"319","BÁCS-KISKUN",1,"FÜGGETLEN KISGAZDAPÁRT",55
"320","BARANYA",1,"FÜGGETLEN KISGAZDAPÁRT",99
"321","BÉKÉS",1,"FÜGGETLEN KISGAZDAPÁRT",92
"322","BORSOD-ABAÚJ-ZEMPLÉN",1,"FÜGGETLEN KISGAZDAPÁRT",54
"323","BUDAPEST",1,"FÜGGETLEN KISGAZDAPÁRT",44
"324","CSONGRÁD",1,"FÜGGETLEN KISGAZDAPÁRT",137
"325","FEJÉR",1,"FÜGGETLEN KISGAZDAPÁRT",68
"326","GYŐR-MOSON-SOPRON",1,"FÜGGETLEN KISGAZDAPÁRT",36
"327","HAJDÚ-BIHAR",1,"FÜGGETLEN KISGAZDAPÁRT",55
"328","HEVES",1,"FÜGGETLEN KISGAZDAPÁRT",52
"329","JÁSZ-NAGYKUN-SZOLNOK",1,"FÜGGETLEN KISGAZDAPÁRT",130
"330","KOMÁROM-ESZTERGOM",1,"FÜGGETLEN KISGAZDAPÁRT",61
"331","NÓGRÁD",1,"FÜGGETLEN KISGAZDAPÁRT",48
"332","PEST",1,"FÜGGETLEN KISGAZDAPÁRT",95
"333","SOMOGY",1,"FÜGGETLEN KISGAZDAPÁRT",58
"334","SZABOLCS-SZATMÁR-BEREG",1,"FÜGGETLEN KISGAZDAPÁRT",83
"335","TOLNA",1,"FÜGGETLEN KISGAZDAPÁRT",51
"336","VAS",1,"FÜGGETLEN KISGAZDAPÁRT",66
"337","VESZPRÉM",1,"FÜGGETLEN KISGAZDAPÁRT",53
"338","ZALA",1,"FÜGGETLEN KISGAZDAPÁRT",115
"339","BÁCS-KISKUN",2,"FÜGGETLEN KISGAZDAPÁRT",63
"340","BARANYA",2,"FÜGGETLEN KISGAZDAPÁRT",91
"341","BÉKÉS",2,"FÜGGETLEN KISGAZDAPÁRT",56
"342","BORSOD-ABAÚJ-ZEMPLÉN",2,"FÜGGETLEN KISGAZDAPÁRT",47
"343","BUDAPEST",2,"FÜGGETLEN KISGAZDAPÁRT",61
"344","CSONGRÁD",2,"FÜGGETLEN KISGAZDAPÁRT",116
"345","FEJÉR",2,"FÜGGETLEN KISGAZDAPÁRT",57
"346","GYŐR-MOSON-SOPRON",2,"FÜGGETLEN KISGAZDAPÁRT",53
"347","HAJDÚ-BIHAR",2,"FÜGGETLEN KISGAZDAPÁRT",72
"348","HEVES",2,"FÜGGETLEN KISGAZDAPÁRT",66
"349","JÁSZ-NAGYKUN-SZOLNOK",2,"FÜGGETLEN KISGAZDAPÁRT",133
"350","KOMÁROM-ESZTERGOM",2,"FÜGGETLEN KISGAZDAPÁRT",81
"351","NÓGRÁD",2,"FÜGGETLEN KISGAZDAPÁRT",84
"352","PEST",2,"FÜGGETLEN KISGAZDAPÁRT",80
"353","SOMOGY",2,"FÜGGETLEN KISGAZDAPÁRT",60
"354","SZABOLCS-SZATMÁR-BEREG",2,"FÜGGETLEN KISGAZDAPÁRT",82
"355","TOLNA",2,"FÜGGETLEN KISGAZDAPÁRT",55
"356","VAS",2,"FÜGGETLEN KISGAZDAPÁRT",81
"357","VESZPRÉM",2,"FÜGGETLEN KISGAZDAPÁRT",78
"358","ZALA",2,"FÜGGETLEN KISGAZDAPÁRT",111
"359","BÁCS-KISKUN",3,"FÜGGETLEN KISGAZDAPÁRT",74
"360","BARANYA",3,"FÜGGETLEN KISGAZDAPÁRT",76
"361","BÉKÉS",3,"FÜGGETLEN KISGAZDAPÁRT",86
"362","BORSOD-ABAÚJ-ZEMPLÉN",3,"FÜGGETLEN KISGAZDAPÁRT",145
"363","BUDAPEST",3,"FÜGGETLEN KISGAZDAPÁRT",84
"364","CSONGRÁD",3,"FÜGGETLEN KISGAZDAPÁRT",112
"365","FEJÉR",3,"FÜGGETLEN KISGAZDAPÁRT",109
"366","GYŐR-MOSON-SOPRON",3,"FÜGGETLEN KISGAZDAPÁRT",63
"367","HAJDÚ-BIHAR",3,"FÜGGETLEN KISGAZDAPÁRT",42
"368","HEVES",3,"FÜGGETLEN KISGAZDAPÁRT",58
"369","JÁSZ-NAGYKUN-SZOLNOK",3,"FÜGGETLEN KISGAZDAPÁRT",61
"370","KOMÁROM-ESZTERGOM",3,"FÜGGETLEN KISGAZDAPÁRT",134
"371","PEST",3,"FÜGGETLEN KISGAZDAPÁRT",71
"372","SOMOGY",3,"FÜGGETLEN KISGAZDAPÁRT",66
"373","SZABOLCS-SZATMÁR-BEREG",3,"FÜGGETLEN KISGAZDAPÁRT",43
"374","TOLNA",3,"FÜGGETLEN KISGAZDAPÁRT",113
"375","VAS",3,"FÜGGETLEN KISGAZDAPÁRT",70
"376","VESZPRÉM",3,"FÜGGETLEN KISGAZDAPÁRT",55
"377","ZALA",3,"FÜGGETLEN KISGAZDAPÁRT",92
"378","BÁCS-KISKUN",4,"FÜGGETLEN KISGAZDAPÁRT",75
"379","BARANYA",4,"FÜGGETLEN KISGAZDAPÁRT",150
"380","BÉKÉS",4,"FÜGGETLEN KISGAZDAPÁRT",87
"381","BORSOD-ABAÚJ-ZEMPLÉN",4,"FÜGGETLEN KISGAZDAPÁRT",71
"382","BUDAPEST",4,"FÜGGETLEN KISGAZDAPÁRT",63
"383","CSONGRÁD",4,"FÜGGETLEN KISGAZDAPÁRT",113
"384","FEJÉR",4,"FÜGGETLEN KISGAZDAPÁRT",130
"385","GYŐR-MOSON-SOPRON",4,"FÜGGETLEN KISGAZDAPÁRT",53
"386","HAJDÚ-BIHAR",4,"FÜGGETLEN KISGAZDAPÁRT",71
"387","JÁSZ-NAGYKUN-SZOLNOK",4,"FÜGGETLEN KISGAZDAPÁRT",93
"388","PEST",4,"FÜGGETLEN KISGAZDAPÁRT",74
"389","SOMOGY",4,"FÜGGETLEN KISGAZDAPÁRT",59
"390","SZABOLCS-SZATMÁR-BEREG",4,"FÜGGETLEN KISGAZDAPÁRT",93
"391","VESZPRÉM",4,"FÜGGETLEN KISGAZDAPÁRT",64
"392","BÁCS-KISKUN",5,"FÜGGETLEN KISGAZDAPÁRT",71
"393","BORSOD-ABAÚJ-ZEMPLÉN",5,"FÜGGETLEN KISGAZDAPÁRT",71
"394","BUDAPEST",5,"FÜGGETLEN KISGAZDAPÁRT",53
"395","FEJÉR",5,"FÜGGETLEN KISGAZDAPÁRT",63
"396","GYŐR-MOSON-SOPRON",5,"FÜGGETLEN KISGAZDAPÁRT",61
"397","HAJDÚ-BIHAR",5,"FÜGGETLEN KISGAZDAPÁRT",55
"398","PEST",5,"FÜGGETLEN KISGAZDAPÁRT",71
"399","SZABOLCS-SZATMÁR-BEREG",5,"FÜGGETLEN KISGAZDAPÁRT",69
"400","BÁCS-KISKUN",6,"FÜGGETLEN KISGAZDAPÁRT",38
"401","BORSOD-ABAÚJ-ZEMPLÉN",6,"FÜGGETLEN KISGAZDAPÁRT",79
"402","BUDAPEST",6,"FÜGGETLEN KISGAZDAPÁRT",49
"403","HAJDÚ-BIHAR",6,"FÜGGETLEN KISGAZDAPÁRT",80
"404","PEST",6,"FÜGGETLEN KISGAZDAPÁRT",112
"405","SZABOLCS-SZATMÁR-BEREG",6,"FÜGGETLEN KISGAZDAPÁRT",49
"406","BORSOD-ABAÚJ-ZEMPLÉN",7,"FÜGGETLEN KISGAZDAPÁRT",79
"407","BUDAPEST",7,"FÜGGETLEN KISGAZDAPÁRT",60
"408","PEST",7,"FÜGGETLEN KISGAZDAPÁRT",77
"409","BUDAPEST",8,"FÜGGETLEN KISGAZDAPÁRT",44
"410","PEST",8,"FÜGGETLEN KISGAZDAPÁRT",60
"411","BUDAPEST",9,"FÜGGETLEN KISGAZDAPÁRT",80
"412","PEST",9,"FÜGGETLEN KISGAZDAPÁRT",59
"413","BUDAPEST",10,"FÜGGETLEN KISGAZDAPÁRT",47
"414","PEST",10,"FÜGGETLEN KISGAZDAPÁRT",59
"415","BUDAPEST",11,"FÜGGETLEN KISGAZDAPÁRT",82
"416","PEST",11,"FÜGGETLEN KISGAZDAPÁRT",69
"417","BUDAPEST",12,"FÜGGETLEN KISGAZDAPÁRT",73
"418","PEST",12,"FÜGGETLEN KISGAZDAPÁRT",126
"419","BUDAPEST",13,"FÜGGETLEN KISGAZDAPÁRT",64
"420","BUDAPEST",14,"FÜGGETLEN KISGAZDAPÁRT",86
"421","BUDAPEST",15,"FÜGGETLEN KISGAZDAPÁRT",94
"422","BUDAPEST",16,"FÜGGETLEN KISGAZDAPÁRT",59
"423","BUDAPEST",17,"FÜGGETLEN KISGAZDAPÁRT",82
"424","BUDAPEST",18,"FÜGGETLEN KISGAZDAPÁRT",90
"425","BÁCS-KISKUN",1,"JESZ",75
"426","BARANYA",1,"JESZ",132
"427","BÉKÉS",1,"JESZ",75
"428","BORSOD-ABAÚJ-ZEMPLÉN",1,"JESZ",59
"429","BUDAPEST",1,"JESZ",49
"430","CSONGRÁD",1,"JESZ",67
"431","FEJÉR",1,"JESZ",116
"432","GYŐR-MOSON-SOPRON",1,"JESZ",168
"433","HAJDÚ-BIHAR",1,"JESZ",104
"434","HEVES",1,"JESZ",41
"435","JÁSZ-NAGYKUN-SZOLNOK",1,"JESZ",104
"436","KOMÁROM-ESZTERGOM",1,"JESZ",180
"437","NÓGRÁD",1,"JESZ",63
"438","PEST",1,"JESZ",87
"439","SOMOGY",1,"JESZ",89
"440","SZABOLCS-SZATMÁR-BEREG",1,"JESZ",121
"441","TOLNA",1,"JESZ",24
"442","VAS",1,"JESZ",82
"443","VESZPRÉM",1,"JESZ",226
"444","ZALA",1,"JESZ",68
"445","BÁCS-KISKUN",2,"JESZ",111
"446","BARANYA",2,"JESZ",108
"447","BÉKÉS",2,"JESZ",36
"448","BORSOD-ABAÚJ-ZEMPLÉN",2,"JESZ",57
"449","BUDAPEST",2,"JESZ",111
"450","CSONGRÁD",2,"JESZ",81
"451","FEJÉR",2,"JESZ",94
"452","GYŐR-MOSON-SOPRON",2,"JESZ",158
"453","HAJDÚ-BIHAR",2,"JESZ",111
"454","HEVES",2,"JESZ",35
"455","JÁSZ-NAGYKUN-SZOLNOK",2,"JESZ",75
"456","KOMÁROM-ESZTERGOM",2,"JESZ",141
"457","NÓGRÁD",2,"JESZ",54
"458","PEST",2,"JESZ",84
"459","SOMOGY",2,"JESZ",45
"460","SZABOLCS-SZATMÁR-BEREG",2,"JESZ",102
"461","TOLNA",2,"JESZ",29
"462","VAS",2,"JESZ",55
"463","VESZPRÉM",2,"JESZ",116
"464","ZALA",2,"JESZ",86
"465","BÁCS-KISKUN",3,"JESZ",51
"466","BARANYA",3,"JESZ",55
"467","BÉKÉS",3,"JESZ",45
"468","BORSOD-ABAÚJ-ZEMPLÉN",3,"JESZ",71
"469","BUDAPEST",3,"JESZ",57
"470","CSONGRÁD",3,"JESZ",65
"471","FEJÉR",3,"JESZ",124
"472","GYŐR-MOSON-SOPRON",3,"JESZ",90
"473","HAJDÚ-BIHAR",3,"JESZ",51
"474","HEVES",3,"JESZ",45
"475","JÁSZ-NAGYKUN-SZOLNOK",3,"JESZ",68
"476","KOMÁROM-ESZTERGOM",3,"JESZ",218
"477","PEST",3,"JESZ",117
"478","SOMOGY",3,"JESZ",59
"479","SZABOLCS-SZATMÁR-BEREG",3,"JESZ",111
"480","TOLNA",3,"JESZ",44
"481","VAS",3,"JESZ",63
"482","VESZPRÉM",3,"JESZ",87
"483","ZALA",3,"JESZ",139
"484","BÁCS-KISKUN",4,"JESZ",125
"485","BARANYA",4,"JESZ",115
"486","BÉKÉS",4,"JESZ",51
"487","BORSOD-ABAÚJ-ZEMPLÉN",4,"JESZ",137
"488","BUDAPEST",4,"JESZ",72
"489","CSONGRÁD",4,"JESZ",60
"490","FEJÉR",4,"JESZ",44
"491","GYŐR-MOSON-SOPRON",4,"JESZ",159
"492","HAJDÚ-BIHAR",4,"JESZ",69
"493","JÁSZ-NAGYKUN-SZOLNOK",4,"JESZ",58
"494","PEST",4,"JESZ",68
"495","SOMOGY",4,"JESZ",61
"496","SZABOLCS-SZATMÁR-BEREG",4,"JESZ",64
"497","VESZPRÉM",4,"JESZ",103
"498","BÁCS-KISKUN",5,"JESZ",49
"499","BORSOD-ABAÚJ-ZEMPLÉN",5,"JESZ",95
"500","BUDAPEST",5,"JESZ",121
"501","FEJÉR",5,"JESZ",79
"502","GYŐR-MOSON-SOPRON",5,"JESZ",150
"503","HAJDÚ-BIHAR",5,"JESZ",232
"504","PEST",5,"JESZ",180
"505","SZABOLCS-SZATMÁR-BEREG",5,"JESZ",68
"506","BÁCS-KISKUN",6,"JESZ",75
"507","BORSOD-ABAÚJ-ZEMPLÉN",6,"JESZ",81
"508","BUDAPEST",6,"JESZ",97
"509","HAJDÚ-BIHAR",6,"JESZ",80
"510","PEST",6,"JESZ",129
"511","SZABOLCS-SZATMÁR-BEREG",6,"JESZ",73
"512","BORSOD-ABAÚJ-ZEMPLÉN",7,"JESZ",56
"513","BUDAPEST",7,"JESZ",99
"514","PEST",7,"JESZ",192
"515","BUDAPEST",8,"JESZ",122
"516","PEST",8,"JESZ",125
"517","BUDAPEST",9,"JESZ",126
"518","PEST",9,"JESZ",75
"519","BUDAPEST",10,"JESZ",123
"520","PEST",10,"JESZ",48
"521","BUDAPEST",11,"JESZ",88
"522","PEST",11,"JESZ",94
"523","BUDAPEST",12,"JESZ",124
"524","PEST",12,"JESZ",53
"525","BUDAPEST",13,"JESZ",136
"526","BUDAPEST",14,"JESZ",131
"527","BUDAPEST",15,"JESZ",126
"528","BUDAPEST",16,"JESZ",93
"529","BUDAPEST",17,"JESZ",105
"530","BUDAPEST",18,"JESZ",95
"531","BÁCS-KISKUN",1,"JOBBIK",8080
"532","BARANYA",1,"JOBBIK",8635
"533","BÉKÉS",1,"JOBBIK",9634
"534","BORSOD-ABAÚJ-ZEMPLÉN",1,"JOBBIK",14447
"535","BUDAPEST",1,"JOBBIK",3764
"536","CSONGRÁD",1,"JOBBIK",8057
"537","FEJÉR",1,"JOBBIK",7493
"538","GYŐR-MOSON-SOPRON",1,"JOBBIK",6820
"539","HAJDÚ-BIHAR",1,"JOBBIK",8484
"540","HEVES",1,"JOBBIK",14769
"541","JÁSZ-NAGYKUN-SZOLNOK",1,"JOBBIK",13574
"542","KOMÁROM-ESZTERGOM",1,"JOBBIK",8953
"543","NÓGRÁD",1,"JOBBIK",12360
"544","PEST",1,"JOBBIK",8323
"545","SOMOGY",1,"JOBBIK",9320
"546","SZABOLCS-SZATMÁR-BEREG",1,"JOBBIK",11362
"547","TOLNA",1,"JOBBIK",7826
"548","VAS",1,"JOBBIK",6921
"549","VESZPRÉM",1,"JOBBIK",8345
"550","ZALA",1,"JOBBIK",11757
"551","BÁCS-KISKUN",2,"JOBBIK",8142
"552","BARANYA",2,"JOBBIK",9897
"553","BÉKÉS",2,"JOBBIK",10853
"554","BORSOD-ABAÚJ-ZEMPLÉN",2,"JOBBIK",13692
"555","BUDAPEST",2,"JOBBIK",4251
"556","CSONGRÁD",2,"JOBBIK",8372
"557","FEJÉR",2,"JOBBIK",9627
"558","GYŐR-MOSON-SOPRON",2,"JOBBIK",8059
"559","HAJDÚ-BIHAR",2,"JOBBIK",9811
"560","HEVES",2,"JOBBIK",17271
"561","JÁSZ-NAGYKUN-SZOLNOK",2,"JOBBIK",12515
"562","KOMÁROM-ESZTERGOM",2,"JOBBIK",10856
"563","NÓGRÁD",2,"JOBBIK",11905
"564","PEST",2,"JOBBIK",7045
"565","SOMOGY",2,"JOBBIK",8647
"566","SZABOLCS-SZATMÁR-BEREG",2,"JOBBIK",12060
"567","TOLNA",2,"JOBBIK",8648
"568","VAS",2,"JOBBIK",8104
"569","VESZPRÉM",2,"JOBBIK",8570
"570","ZALA",2,"JOBBIK",10814
"571","BÁCS-KISKUN",3,"JOBBIK",9140
"572","BARANYA",3,"JOBBIK",8301
"573","BÉKÉS",3,"JOBBIK",8681
"574","BORSOD-ABAÚJ-ZEMPLÉN",3,"JOBBIK",12378
"575","BUDAPEST",3,"JOBBIK",3230
"576","CSONGRÁD",3,"JOBBIK",11992
"577","FEJÉR",3,"JOBBIK",7972
"578","GYŐR-MOSON-SOPRON",3,"JOBBIK",8149
"579","HAJDÚ-BIHAR",3,"JOBBIK",11026
"580","HEVES",3,"JOBBIK",15839
"581","JÁSZ-NAGYKUN-SZOLNOK",3,"JOBBIK",11999
"582","KOMÁROM-ESZTERGOM",3,"JOBBIK",10290
"583","PEST",3,"JOBBIK",7881
"584","SOMOGY",3,"JOBBIK",8682
"585","SZABOLCS-SZATMÁR-BEREG",3,"JOBBIK",12868
"586","TOLNA",3,"JOBBIK",8245
"587","VAS",3,"JOBBIK",8519
"588","VESZPRÉM",3,"JOBBIK",9860
"589","ZALA",3,"JOBBIK",12994
"590","BÁCS-KISKUN",4,"JOBBIK",9127
"591","BARANYA",4,"JOBBIK",9519
"592","BÉKÉS",4,"JOBBIK",11093
"593","BORSOD-ABAÚJ-ZEMPLÉN",4,"JOBBIK",13373
"594","BUDAPEST",4,"JOBBIK",3854
"595","CSONGRÁD",4,"JOBBIK",11969
"596","FEJÉR",4,"JOBBIK",10160
"597","GYŐR-MOSON-SOPRON",4,"JOBBIK",8324
"598","HAJDÚ-BIHAR",4,"JOBBIK",10776
"599","JÁSZ-NAGYKUN-SZOLNOK",4,"JOBBIK",13567
"600","PEST",4,"JOBBIK",9690
"601","SOMOGY",4,"JOBBIK",8322
"602","SZABOLCS-SZATMÁR-BEREG",4,"JOBBIK",10607
"603","VESZPRÉM",4,"JOBBIK",10202
"604","BÁCS-KISKUN",5,"JOBBIK",9669
"605","BORSOD-ABAÚJ-ZEMPLÉN",5,"JOBBIK",11711
"606","BUDAPEST",5,"JOBBIK",4583
"607","FEJÉR",5,"JOBBIK",10866
"608","GYŐR-MOSON-SOPRON",5,"JOBBIK",8545
"609","HAJDÚ-BIHAR",5,"JOBBIK",11695
"610","PEST",5,"JOBBIK",9373
"611","SZABOLCS-SZATMÁR-BEREG",5,"JOBBIK",10785
"612","BÁCS-KISKUN",6,"JOBBIK",7283
"613","BORSOD-ABAÚJ-ZEMPLÉN",6,"JOBBIK",14418
"614","BUDAPEST",6,"JOBBIK",5366
"615","HAJDÚ-BIHAR",6,"JOBBIK",11195
"616","PEST",6,"JOBBIK",10332
"617","SZABOLCS-SZATMÁR-BEREG",6,"JOBBIK",11762
"618","BORSOD-ABAÚJ-ZEMPLÉN",7,"JOBBIK",14498
"619","BUDAPEST",7,"JOBBIK",5243
"620","PEST",7,"JOBBIK",10227
"621","BUDAPEST",8,"JOBBIK",5848
"622","PEST",8,"JOBBIK",10012
"623","BUDAPEST",9,"JOBBIK",7510
"624","PEST",9,"JOBBIK",10254
"625","BUDAPEST",10,"JOBBIK",6521
"626","PEST",10,"JOBBIK",10537
"627","BUDAPEST",11,"JOBBIK",6895
"628","PEST",11,"JOBBIK",9863
"629","BUDAPEST",12,"JOBBIK",7673
"630","PEST",12,"JOBBIK",11803
"631","BUDAPEST",13,"JOBBIK",6112
"632","BUDAPEST",14,"JOBBIK",7977
"633","BUDAPEST",15,"JOBBIK",8842
"634","BUDAPEST",16,"JOBBIK",7540
"635","BUDAPEST",17,"JOBBIK",9238
"636","BUDAPEST",18,"JOBBIK",6682
"637","BÁCS-KISKUN",1,"KTI",114
"638","BARANYA",1,"KTI",252
"639","BÉKÉS",1,"KTI",74
"640","BORSOD-ABAÚJ-ZEMPLÉN",1,"KTI",67
"641","BUDAPEST",1,"KTI",81
"642","CSONGRÁD",1,"KTI",142
"643","FEJÉR",1,"KTI",159
"644","GYŐR-MOSON-SOPRON",1,"KTI",123
"645","HAJDÚ-BIHAR",1,"KTI",55
"646","HEVES",1,"KTI",59
"647","JÁSZ-NAGYKUN-SZOLNOK",1,"KTI",76
"648","KOMÁROM-ESZTERGOM",1,"KTI",159
"649","NÓGRÁD",1,"KTI",97
"650","PEST",1,"KTI",98
"651","SOMOGY",1,"KTI",68
"652","SZABOLCS-SZATMÁR-BEREG",1,"KTI",86
"653","TOLNA",1,"KTI",77
"654","VAS",1,"KTI",218
"655","VESZPRÉM",1,"KTI",73
"656","ZALA",1,"KTI",72
"657","BÁCS-KISKUN",2,"KTI",132
"658","BARANYA",2,"KTI",212
"659","BÉKÉS",2,"KTI",111
"660","BORSOD-ABAÚJ-ZEMPLÉN",2,"KTI",87
"661","BUDAPEST",2,"KTI",94
"662","CSONGRÁD",2,"KTI",93
"663","FEJÉR",2,"KTI",110
"664","GYŐR-MOSON-SOPRON",2,"KTI",54
"665","HAJDÚ-BIHAR",2,"KTI",68
"666","HEVES",2,"KTI",114
"667","JÁSZ-NAGYKUN-SZOLNOK",2,"KTI",94
"668","KOMÁROM-ESZTERGOM",2,"KTI",115
"669","NÓGRÁD",2,"KTI",139
"670","PEST",2,"KTI",97
"671","SOMOGY",2,"KTI",87
"672","SZABOLCS-SZATMÁR-BEREG",2,"KTI",65
"673","TOLNA",2,"KTI",61
"674","VAS",2,"KTI",115
"675","VESZPRÉM",2,"KTI",84
"676","ZALA",2,"KTI",62
"677","BÁCS-KISKUN",3,"KTI",124
"678","BARANYA",3,"KTI",142
"679","BÉKÉS",3,"KTI",46
"680","BORSOD-ABAÚJ-ZEMPLÉN",3,"KTI",57
"681","BUDAPEST",3,"KTI",114
"682","CSONGRÁD",3,"KTI",85
"683","FEJÉR",3,"KTI",108
"684","GYŐR-MOSON-SOPRON",3,"KTI",42
"685","HAJDÚ-BIHAR",3,"KTI",35
"686","HEVES",3,"KTI",90
"687","JÁSZ-NAGYKUN-SZOLNOK",3,"KTI",51
"688","KOMÁROM-ESZTERGOM",3,"KTI",102
"689","PEST",3,"KTI",126
"690","SOMOGY",3,"KTI",97
"691","SZABOLCS-SZATMÁR-BEREG",3,"KTI",33
"692","TOLNA",3,"KTI",81
"693","VAS",3,"KTI",54
"694","VESZPRÉM",3,"KTI",110
"695","ZALA",3,"KTI",101
"696","BÁCS-KISKUN",4,"KTI",134
"697","BARANYA",4,"KTI",135
"698","BÉKÉS",4,"KTI",68
"699","BORSOD-ABAÚJ-ZEMPLÉN",4,"KTI",88
"700","BUDAPEST",4,"KTI",91
"701","CSONGRÁD",4,"KTI",139
"702","FEJÉR",4,"KTI",103
"703","GYŐR-MOSON-SOPRON",4,"KTI",71
"704","HAJDÚ-BIHAR",4,"KTI",34
"705","JÁSZ-NAGYKUN-SZOLNOK",4,"KTI",48
"706","PEST",4,"KTI",112
"707","SOMOGY",4,"KTI",106
"708","SZABOLCS-SZATMÁR-BEREG",4,"KTI",112
"709","VESZPRÉM",4,"KTI",42
"710","BÁCS-KISKUN",5,"KTI",275
"711","BORSOD-ABAÚJ-ZEMPLÉN",5,"KTI",62
"712","BUDAPEST",5,"KTI",75
"713","FEJÉR",5,"KTI",66
"714","GYŐR-MOSON-SOPRON",5,"KTI",63
"715","HAJDÚ-BIHAR",5,"KTI",56
"716","PEST",5,"KTI",182
"717","SZABOLCS-SZATMÁR-BEREG",5,"KTI",22
"718","BÁCS-KISKUN",6,"KTI",79
"719","BORSOD-ABAÚJ-ZEMPLÉN",6,"KTI",41
"720","BUDAPEST",6,"KTI",104
"721","HAJDÚ-BIHAR",6,"KTI",47
"722","PEST",6,"KTI",183
"723","SZABOLCS-SZATMÁR-BEREG",6,"KTI",33
"724","BORSOD-ABAÚJ-ZEMPLÉN",7,"KTI",47
"725","BUDAPEST",7,"KTI",111
"726","PEST",7,"KTI",97
"727","BUDAPEST",8,"KTI",211
"728","PEST",8,"KTI",207
"729","BUDAPEST",9,"KTI",139
"730","PEST",9,"KTI",112
"731","BUDAPEST",10,"KTI",84
"732","PEST",10,"KTI",98
"733","BUDAPEST",11,"KTI",134
"734","PEST",11,"KTI",77
"735","BUDAPEST",12,"KTI",167
"736","PEST",12,"KTI",36
"737","BUDAPEST",13,"KTI",124
"738","BUDAPEST",14,"KTI",228
"739","BUDAPEST",15,"KTI",193
"740","BUDAPEST",16,"KTI",176
"741","BUDAPEST",17,"KTI",160
"742","BUDAPEST",18,"KTI",175
"743","BÁCS-KISKUN",1,"LMP",2088
"744","BARANYA",1,"LMP",4635
"745","BÉKÉS",1,"LMP",2685
"746","BORSOD-ABAÚJ-ZEMPLÉN",1,"LMP",1870
"747","BUDAPEST",1,"LMP",5438
"748","CSONGRÁD",1,"LMP",4352
"749","FEJÉR",1,"LMP",3055
"750","GYŐR-MOSON-SOPRON",1,"LMP",3039
"751","HAJDÚ-BIHAR",1,"LMP",3070
"752","HEVES",1,"LMP",2506
"753","JÁSZ-NAGYKUN-SZOLNOK",1,"LMP",2454
"754","KOMÁROM-ESZTERGOM",1,"LMP",3104
"755","NÓGRÁD",1,"LMP",1447
"756","PEST",1,"LMP",3308
"757","SOMOGY",1,"LMP",2218
"758","SZABOLCS-SZATMÁR-BEREG",1,"LMP",2365
"759","TOLNA",1,"LMP",2514
"760","VAS",1,"LMP",3229
"761","VESZPRÉM",1,"LMP",3141
"762","ZALA",1,"LMP",2571
"763","BÁCS-KISKUN",2,"LMP",2658
"764","BARANYA",2,"LMP",3595
"765","BÉKÉS",2,"LMP",1602
"766","BORSOD-ABAÚJ-ZEMPLÉN",2,"LMP",1906
"767","BUDAPEST",2,"LMP",5408
"768","CSONGRÁD",2,"LMP",4169
"769","FEJÉR",2,"LMP",2151
"770","GYŐR-MOSON-SOPRON",2,"LMP",2419
"771","HAJDÚ-BIHAR",2,"LMP",2551
"772","HEVES",2,"LMP",1547
"773","JÁSZ-NAGYKUN-SZOLNOK",2,"LMP",1309
"774","KOMÁROM-ESZTERGOM",2,"LMP",2697
"775","NÓGRÁD",2,"LMP",1646
"776","PEST",2,"LMP",5854
"777","SOMOGY",2,"LMP",929
"778","SZABOLCS-SZATMÁR-BEREG",2,"LMP",1193
"779","TOLNA",2,"LMP",1284
"780","VAS",2,"LMP",2027
"781","VESZPRÉM",2,"LMP",2575
"782","ZALA",2,"LMP",1901
"783","BÁCS-KISKUN",3,"LMP",1638
"784","BARANYA",3,"LMP",1729
"785","BÉKÉS",3,"LMP",1446
"786","BORSOD-ABAÚJ-ZEMPLÉN",3,"LMP",772
"787","BUDAPEST",3,"LMP",5863
"788","CSONGRÁD",3,"LMP",2143
"789","FEJÉR",3,"LMP",2401
"790","GYŐR-MOSON-SOPRON",3,"LMP",1412
"791","HAJDÚ-BIHAR",3,"LMP",1491
"792","HEVES",3,"LMP",1326
"793","JÁSZ-NAGYKUN-SZOLNOK",3,"LMP",1197
"794","KOMÁROM-ESZTERGOM",3,"LMP",2450
"795","PEST",3,"LMP",4737
"796","SOMOGY",3,"LMP",1320
"797","SZABOLCS-SZATMÁR-BEREG",3,"LMP",951
"798","TOLNA",3,"LMP",1321
"799","VAS",3,"LMP",1593
"800","VESZPRÉM",3,"LMP",1682
"801","ZALA",3,"LMP",1815
"802","BÁCS-KISKUN",4,"LMP",1626
"803","BARANYA",4,"LMP",1602
"804","BÉKÉS",4,"LMP",1580
"805","BORSOD-ABAÚJ-ZEMPLÉN",4,"LMP",1054
"806","BUDAPEST",4,"LMP",5639
"807","CSONGRÁD",4,"LMP",2692
"808","FEJÉR",4,"LMP",2015
"809","GYŐR-MOSON-SOPRON",4,"LMP",3035
"810","HAJDÚ-BIHAR",4,"LMP",1003
"811","JÁSZ-NAGYKUN-SZOLNOK",4,"LMP",1331
"812","PEST",4,"LMP",2418
"813","SOMOGY",4,"LMP",1718
"814","SZABOLCS-SZATMÁR-BEREG",4,"LMP",591
"815","VESZPRÉM",4,"LMP",1448
"816","BÁCS-KISKUN",5,"LMP",1292
"817","BORSOD-ABAÚJ-ZEMPLÉN",5,"LMP",1044
"818","BUDAPEST",5,"LMP",5078
"819","FEJÉR",5,"LMP",1035
"820","GYŐR-MOSON-SOPRON",5,"LMP",2433
"821","HAJDÚ-BIHAR",5,"LMP",1337
"822","PEST",5,"LMP",4719
"823","SZABOLCS-SZATMÁR-BEREG",5,"LMP",685
"824","BÁCS-KISKUN",6,"LMP",1799
"825","BORSOD-ABAÚJ-ZEMPLÉN",6,"LMP",1451
"826","BUDAPEST",6,"LMP",3867
"827","HAJDÚ-BIHAR",6,"LMP",1406
"828","PEST",6,"LMP",3724
"829","SZABOLCS-SZATMÁR-BEREG",6,"LMP",705
"830","BORSOD-ABAÚJ-ZEMPLÉN",7,"LMP",1253
"831","BUDAPEST",7,"LMP",5261
"832","PEST",7,"LMP",2794
"833","BUDAPEST",8,"LMP",5329
"834","PEST",8,"LMP",3153
"835","BUDAPEST",9,"LMP",3731
"836","PEST",9,"LMP",1259
"837","BUDAPEST",10,"LMP",4539
"838","PEST",10,"LMP",1638
"839","BUDAPEST",11,"LMP",4474
"840","PEST",11,"LMP",2306
"841","BUDAPEST",12,"LMP",3669
"842","PEST",12,"LMP",1456
"843","BUDAPEST",13,"LMP",4444
"844","BUDAPEST",14,"LMP",3889
"845","BUDAPEST",15,"LMP",3983
"846","BUDAPEST",16,"LMP",3608
"847","BUDAPEST",17,"LMP",3439
"848","BUDAPEST",18,"LMP",4491
"849","BÁCS-KISKUN",1,"MCP",110
"850","BARANYA",1,"MCP",16
"851","BÉKÉS",1,"MCP",16
"852","BORSOD-ABAÚJ-ZEMPLÉN",1,"MCP",295
"853","BUDAPEST",1,"MCP",46
"854","CSONGRÁD",1,"MCP",52
"855","FEJÉR",1,"MCP",57
"856","GYŐR-MOSON-SOPRON",1,"MCP",14
"857","HAJDÚ-BIHAR",1,"MCP",13
"858","HEVES",1,"MCP",171
"859","JÁSZ-NAGYKUN-SZOLNOK",1,"MCP",117
"860","KOMÁROM-ESZTERGOM",1,"MCP",27
"861","NÓGRÁD",1,"MCP",200
"862","PEST",1,"MCP",18
"863","SOMOGY",1,"MCP",29
"864","SZABOLCS-SZATMÁR-BEREG",1,"MCP",160
"865","TOLNA",1,"MCP",93
"866","VAS",1,"MCP",19
"867","VESZPRÉM",1,"MCP",29
"868","ZALA",1,"MCP",78
"869","BÁCS-KISKUN",2,"MCP",75
"870","BARANYA",2,"MCP",24
"871","BÉKÉS",2,"MCP",38
"872","BORSOD-ABAÚJ-ZEMPLÉN",2,"MCP",304
"873","BUDAPEST",2,"MCP",19
"874","CSONGRÁD",2,"MCP",33
"875","FEJÉR",2,"MCP",25
"876","GYŐR-MOSON-SOPRON",2,"MCP",18
"877","HAJDÚ-BIHAR",2,"MCP",19
"878","HEVES",2,"MCP",122
"879","JÁSZ-NAGYKUN-SZOLNOK",2,"MCP",45
"880","KOMÁROM-ESZTERGOM",2,"MCP",83
"881","NÓGRÁD",2,"MCP",193
"882","PEST",2,"MCP",52
"883","SOMOGY",2,"MCP",172
"884","SZABOLCS-SZATMÁR-BEREG",2,"MCP",72
"885","TOLNA",2,"MCP",32
"886","VAS",2,"MCP",54
"887","VESZPRÉM",2,"MCP",36
"888","ZALA",2,"MCP",121
"889","BÁCS-KISKUN",3,"MCP",62
"890","BARANYA",3,"MCP",69
"891","BÉKÉS",3,"MCP",46
"892","BORSOD-ABAÚJ-ZEMPLÉN",3,"MCP",245
"893","BUDAPEST",3,"MCP",24
"894","CSONGRÁD",3,"MCP",44
"895","FEJÉR",3,"MCP",30
"896","GYŐR-MOSON-SOPRON",3,"MCP",27
"897","HAJDÚ-BIHAR",3,"MCP",143
"898","HEVES",3,"MCP",105
"899","JÁSZ-NAGYKUN-SZOLNOK",3,"MCP",85
"900","KOMÁROM-ESZTERGOM",3,"MCP",39
"901","PEST",3,"MCP",15
"902","SOMOGY",3,"MCP",32
"903","SZABOLCS-SZATMÁR-BEREG",3,"MCP",229
"904","TOLNA",3,"MCP",49
"905","VAS",3,"MCP",40
"906","VESZPRÉM",3,"MCP",42
"907","ZALA",3,"MCP",201
"908","BÁCS-KISKUN",4,"MCP",19
"909","BARANYA",4,"MCP",199
"910","BÉKÉS",4,"MCP",104
"911","BORSOD-ABAÚJ-ZEMPLÉN",4,"MCP",466
"912","BUDAPEST",4,"MCP",22
"913","CSONGRÁD",4,"MCP",49
"914","FEJÉR",4,"MCP",23
"915","GYŐR-MOSON-SOPRON",4,"MCP",12
"916","HAJDÚ-BIHAR",4,"MCP",61
"917","JÁSZ-NAGYKUN-SZOLNOK",4,"MCP",63
"918","PEST",4,"MCP",39
"919","SOMOGY",4,"MCP",16
"920","SZABOLCS-SZATMÁR-BEREG",4,"MCP",170
"921","VESZPRÉM",4,"MCP",50
"922","BÁCS-KISKUN",5,"MCP",26
"923","BORSOD-ABAÚJ-ZEMPLÉN",5,"MCP",409
"924","BUDAPEST",5,"MCP",69
"925","FEJÉR",5,"MCP",62
"926","GYŐR-MOSON-SOPRON",5,"MCP",14
"927","HAJDÚ-BIHAR",5,"MCP",86
"928","PEST",5,"MCP",16
"929","SZABOLCS-SZATMÁR-BEREG",5,"MCP",173
"930","BÁCS-KISKUN",6,"MCP",52
"931","BORSOD-ABAÚJ-ZEMPLÉN",6,"MCP",258
"932","BUDAPEST",6,"MCP",149
"933","HAJDÚ-BIHAR",6,"MCP",236
"934","PEST",6,"MCP",132
"935","SZABOLCS-SZATMÁR-BEREG",6,"MCP",216
"936","BORSOD-ABAÚJ-ZEMPLÉN",7,"MCP",314
"937","BUDAPEST",7,"MCP",39
"938","PEST",7,"MCP",34
"939","BUDAPEST",8,"MCP",39
"940","PEST",8,"MCP",22
"941","BUDAPEST",9,"MCP",36
"942","PEST",9,"MCP",74
"943","BUDAPEST",10,"MCP",12
"944","PEST",10,"MCP",63
"945","BUDAPEST",11,"MCP",54
"946","PEST",11,"MCP",22
"947","BUDAPEST",12,"MCP",36
"948","PEST",12,"MCP",37
"949","BUDAPEST",13,"MCP",16
"950","BUDAPEST",14,"MCP",28
"951","BUDAPEST",15,"MCP",33
"952","BUDAPEST",16,"MCP",66
"953","BUDAPEST",17,"MCP",32
"954","BUDAPEST",18,"MCP",21
"955","BÁCS-KISKUN",1,"MSZP-EGYÜTT-DK-PM-MLP",7768
"956","BARANYA",1,"MSZP-EGYÜTT-DK-PM-MLP",16397
"957","BÉKÉS",1,"MSZP-EGYÜTT-DK-PM-MLP",11924
"958","BORSOD-ABAÚJ-ZEMPLÉN",1,"MSZP-EGYÜTT-DK-PM-MLP",14068
"959","BUDAPEST",1,"MSZP-EGYÜTT-DK-PM-MLP",15967
"960","CSONGRÁD",1,"MSZP-EGYÜTT-DK-PM-MLP",19072
"961","FEJÉR",1,"MSZP-EGYÜTT-DK-PM-MLP",12894
"962","GYŐR-MOSON-SOPRON",1,"MSZP-EGYÜTT-DK-PM-MLP",11901
"963","HAJDÚ-BIHAR",1,"MSZP-EGYÜTT-DK-PM-MLP",11299
"964","HEVES",1,"MSZP-EGYÜTT-DK-PM-MLP",13531
"965","JÁSZ-NAGYKUN-SZOLNOK",1,"MSZP-EGYÜTT-DK-PM-MLP",14633
"966","KOMÁROM-ESZTERGOM",1,"MSZP-EGYÜTT-DK-PM-MLP",16447
"967","NÓGRÁD",1,"MSZP-EGYÜTT-DK-PM-MLP",14073
"968","PEST",1,"MSZP-EGYÜTT-DK-PM-MLP",15818
"969","SOMOGY",1,"MSZP-EGYÜTT-DK-PM-MLP",11402
"970","SZABOLCS-SZATMÁR-BEREG",1,"MSZP-EGYÜTT-DK-PM-MLP",15307
"971","TOLNA",1,"MSZP-EGYÜTT-DK-PM-MLP",9626
"972","VAS",1,"MSZP-EGYÜTT-DK-PM-MLP",13204
"973","VESZPRÉM",1,"MSZP-EGYÜTT-DK-PM-MLP",12644
"974","ZALA",1,"MSZP-EGYÜTT-DK-PM-MLP",12220
"975","BÁCS-KISKUN",2,"MSZP-EGYÜTT-DK-PM-MLP",9521
"976","BARANYA",2,"MSZP-EGYÜTT-DK-PM-MLP",15091
"977","BÉKÉS",2,"MSZP-EGYÜTT-DK-PM-MLP",8121
"978","BORSOD-ABAÚJ-ZEMPLÉN",2,"MSZP-EGYÜTT-DK-PM-MLP",14316
"979","BUDAPEST",2,"MSZP-EGYÜTT-DK-PM-MLP",19042
"980","CSONGRÁD",2,"MSZP-EGYÜTT-DK-PM-MLP",15406
"981","FEJÉR",2,"MSZP-EGYÜTT-DK-PM-MLP",8374
"982","GYŐR-MOSON-SOPRON",2,"MSZP-EGYÜTT-DK-PM-MLP",9148
"983","HAJDÚ-BIHAR",2,"MSZP-EGYÜTT-DK-PM-MLP",10256
"984","HEVES",2,"MSZP-EGYÜTT-DK-PM-MLP",12566
"985","JÁSZ-NAGYKUN-SZOLNOK",2,"MSZP-EGYÜTT-DK-PM-MLP",8462
"986","KOMÁROM-ESZTERGOM",2,"MSZP-EGYÜTT-DK-PM-MLP",13463
"987","NÓGRÁD",2,"MSZP-EGYÜTT-DK-PM-MLP",10308
"988","PEST",2,"MSZP-EGYÜTT-DK-PM-MLP",17060
"989","SOMOGY",2,"MSZP-EGYÜTT-DK-PM-MLP",7569
"990","SZABOLCS-SZATMÁR-BEREG",2,"MSZP-EGYÜTT-DK-PM-MLP",9332
"991","TOLNA",2,"MSZP-EGYÜTT-DK-PM-MLP",8224
"992","VAS",2,"MSZP-EGYÜTT-DK-PM-MLP",9083
"993","VESZPRÉM",2,"MSZP-EGYÜTT-DK-PM-MLP",11909
"994","ZALA",2,"MSZP-EGYÜTT-DK-PM-MLP",9002
"995","BÁCS-KISKUN",3,"MSZP-EGYÜTT-DK-PM-MLP",8494
"996","BARANYA",3,"MSZP-EGYÜTT-DK-PM-MLP",8842
"997","BÉKÉS",3,"MSZP-EGYÜTT-DK-PM-MLP",9647
"998","BORSOD-ABAÚJ-ZEMPLÉN",3,"MSZP-EGYÜTT-DK-PM-MLP",10428
"999","BUDAPEST",3,"MSZP-EGYÜTT-DK-PM-MLP",18028
"1000","CSONGRÁD",3,"MSZP-EGYÜTT-DK-PM-MLP",9579
"1001","FEJÉR",3,"MSZP-EGYÜTT-DK-PM-MLP",9812
"1002","GYŐR-MOSON-SOPRON",3,"MSZP-EGYÜTT-DK-PM-MLP",6806
"1003","HAJDÚ-BIHAR",3,"MSZP-EGYÜTT-DK-PM-MLP",7091
"1004","HEVES",3,"MSZP-EGYÜTT-DK-PM-MLP",11410
"1005","JÁSZ-NAGYKUN-SZOLNOK",3,"MSZP-EGYÜTT-DK-PM-MLP",7796
"1006","KOMÁROM-ESZTERGOM",3,"MSZP-EGYÜTT-DK-PM-MLP",12529
"1007","PEST",3,"MSZP-EGYÜTT-DK-PM-MLP",15125
"1008","SOMOGY",3,"MSZP-EGYÜTT-DK-PM-MLP",8493
"1009","SZABOLCS-SZATMÁR-BEREG",3,"MSZP-EGYÜTT-DK-PM-MLP",8743
"1010","TOLNA",3,"MSZP-EGYÜTT-DK-PM-MLP",7434
"1011","VAS",3,"MSZP-EGYÜTT-DK-PM-MLP",6796
"1012","VESZPRÉM",3,"MSZP-EGYÜTT-DK-PM-MLP",10925
"1013","ZALA",3,"MSZP-EGYÜTT-DK-PM-MLP",11607
"1014","BÁCS-KISKUN",4,"MSZP-EGYÜTT-DK-PM-MLP",6695
"1015","BARANYA",4,"MSZP-EGYÜTT-DK-PM-MLP",10949
"1016","BÉKÉS",4,"MSZP-EGYÜTT-DK-PM-MLP",10674
"1017","BORSOD-ABAÚJ-ZEMPLÉN",4,"MSZP-EGYÜTT-DK-PM-MLP",11880
"1018","BUDAPEST",4,"MSZP-EGYÜTT-DK-PM-MLP",19795
"1019","CSONGRÁD",4,"MSZP-EGYÜTT-DK-PM-MLP",10034
"1020","FEJÉR",4,"MSZP-EGYÜTT-DK-PM-MLP",12189
"1021","GYŐR-MOSON-SOPRON",4,"MSZP-EGYÜTT-DK-PM-MLP",11280
"1022","HAJDÚ-BIHAR",4,"MSZP-EGYÜTT-DK-PM-MLP",6998
"1023","JÁSZ-NAGYKUN-SZOLNOK",4,"MSZP-EGYÜTT-DK-PM-MLP",9396
"1024","PEST",4,"MSZP-EGYÜTT-DK-PM-MLP",11140
"1025","SOMOGY",4,"MSZP-EGYÜTT-DK-PM-MLP",9821
"1026","SZABOLCS-SZATMÁR-BEREG",4,"MSZP-EGYÜTT-DK-PM-MLP",7060
"1027","VESZPRÉM",4,"MSZP-EGYÜTT-DK-PM-MLP",8943
"1028","BÁCS-KISKUN",5,"MSZP-EGYÜTT-DK-PM-MLP",7710
"1029","BORSOD-ABAÚJ-ZEMPLÉN",5,"MSZP-EGYÜTT-DK-PM-MLP",9589
"1030","BUDAPEST",5,"MSZP-EGYÜTT-DK-PM-MLP",16806
"1031","FEJÉR",5,"MSZP-EGYÜTT-DK-PM-MLP",5994
"1032","GYŐR-MOSON-SOPRON",5,"MSZP-EGYÜTT-DK-PM-MLP",9973
"1033","HAJDÚ-BIHAR",5,"MSZP-EGYÜTT-DK-PM-MLP",7708
"1034","PEST",5,"MSZP-EGYÜTT-DK-PM-MLP",17910
"1035","SZABOLCS-SZATMÁR-BEREG",5,"MSZP-EGYÜTT-DK-PM-MLP",7758
"1036","BÁCS-KISKUN",6,"MSZP-EGYÜTT-DK-PM-MLP",9150
"1037","BORSOD-ABAÚJ-ZEMPLÉN",6,"MSZP-EGYÜTT-DK-PM-MLP",10701
"1038","BUDAPEST",6,"MSZP-EGYÜTT-DK-PM-MLP",15004
"1039","HAJDÚ-BIHAR",6,"MSZP-EGYÜTT-DK-PM-MLP",6770
"1040","PEST",6,"MSZP-EGYÜTT-DK-PM-MLP",14013
"1041","SZABOLCS-SZATMÁR-BEREG",6,"MSZP-EGYÜTT-DK-PM-MLP",7673
"1042","BORSOD-ABAÚJ-ZEMPLÉN",7,"MSZP-EGYÜTT-DK-PM-MLP",8839
"1043","BUDAPEST",7,"MSZP-EGYÜTT-DK-PM-MLP",24538
"1044","PEST",7,"MSZP-EGYÜTT-DK-PM-MLP",14215
"1045","BUDAPEST",8,"MSZP-EGYÜTT-DK-PM-MLP",21283
"1046","PEST",8,"MSZP-EGYÜTT-DK-PM-MLP",15891
"1047","BUDAPEST",9,"MSZP-EGYÜTT-DK-PM-MLP",19175
"1048","PEST",9,"MSZP-EGYÜTT-DK-PM-MLP",8216
"1049","BUDAPEST",10,"MSZP-EGYÜTT-DK-PM-MLP",19696
"1050","PEST",10,"MSZP-EGYÜTT-DK-PM-MLP",9172
"1051","BUDAPEST",11,"MSZP-EGYÜTT-DK-PM-MLP",20277
"1052","PEST",11,"MSZP-EGYÜTT-DK-PM-MLP",11070
"1053","BUDAPEST",12,"MSZP-EGYÜTT-DK-PM-MLP",18409
"1054","PEST",12,"MSZP-EGYÜTT-DK-PM-MLP",8473
"1055","BUDAPEST",13,"MSZP-EGYÜTT-DK-PM-MLP",18287
"1056","BUDAPEST",14,"MSZP-EGYÜTT-DK-PM-MLP",17307
"1057","BUDAPEST",15,"MSZP-EGYÜTT-DK-PM-MLP",19586
"1058","BUDAPEST",16,"MSZP-EGYÜTT-DK-PM-MLP",17320
"1059","BUDAPEST",17,"MSZP-EGYÜTT-DK-PM-MLP",18407
"1060","BUDAPEST",18,"MSZP-EGYÜTT-DK-PM-MLP",19504
"1061","BÁCS-KISKUN",1,"MUNKÁSPÁRT",202
"1062","BARANYA",1,"MUNKÁSPÁRT",235
"1063","BÉKÉS",1,"MUNKÁSPÁRT",408
"1064","BORSOD-ABAÚJ-ZEMPLÉN",1,"MUNKÁSPÁRT",330
"1065","BUDAPEST",1,"MUNKÁSPÁRT",162
"1066","CSONGRÁD",1,"MUNKÁSPÁRT",361
"1067","FEJÉR",1,"MUNKÁSPÁRT",208
"1068","GYŐR-MOSON-SOPRON",1,"MUNKÁSPÁRT",184
"1069","HAJDÚ-BIHAR",1,"MUNKÁSPÁRT",209
"1070","HEVES",1,"MUNKÁSPÁRT",266
"1071","JÁSZ-NAGYKUN-SZOLNOK",1,"MUNKÁSPÁRT",534
"1072","KOMÁROM-ESZTERGOM",1,"MUNKÁSPÁRT",379
"1073","NÓGRÁD",1,"MUNKÁSPÁRT",748
"1074","PEST",1,"MUNKÁSPÁRT",225
"1075","SOMOGY",1,"MUNKÁSPÁRT",209
"1076","SZABOLCS-SZATMÁR-BEREG",1,"MUNKÁSPÁRT",184
"1077","TOLNA",1,"MUNKÁSPÁRT",143
"1078","VAS",1,"MUNKÁSPÁRT",160
"1079","VESZPRÉM",1,"MUNKÁSPÁRT",189
"1080","ZALA",1,"MUNKÁSPÁRT",197
"1081","BÁCS-KISKUN",2,"MUNKÁSPÁRT",235
"1082","BARANYA",2,"MUNKÁSPÁRT",262
"1083","BÉKÉS",2,"MUNKÁSPÁRT",316
"1084","BORSOD-ABAÚJ-ZEMPLÉN",2,"MUNKÁSPÁRT",307
"1085","BUDAPEST",2,"MUNKÁSPÁRT",211
"1086","CSONGRÁD",2,"MUNKÁSPÁRT",268
"1087","FEJÉR",2,"MUNKÁSPÁRT",215
"1088","GYŐR-MOSON-SOPRON",2,"MUNKÁSPÁRT",179
"1089","HAJDÚ-BIHAR",2,"MUNKÁSPÁRT",215
"1090","HEVES",2,"MUNKÁSPÁRT",301
"1091","JÁSZ-NAGYKUN-SZOLNOK",2,"MUNKÁSPÁRT",329
"1092","KOMÁROM-ESZTERGOM",2,"MUNKÁSPÁRT",231
"1093","NÓGRÁD",2,"MUNKÁSPÁRT",507
"1094","PEST",2,"MUNKÁSPÁRT",190
"1095","SOMOGY",2,"MUNKÁSPÁRT",255
"1096","SZABOLCS-SZATMÁR-BEREG",2,"MUNKÁSPÁRT",239
"1097","TOLNA",2,"MUNKÁSPÁRT",179
"1098","VAS",2,"MUNKÁSPÁRT",176
"1099","VESZPRÉM",2,"MUNKÁSPÁRT",240
"1100","ZALA",2,"MUNKÁSPÁRT",178
"1101","BÁCS-KISKUN",3,"MUNKÁSPÁRT",195
"1102","BARANYA",3,"MUNKÁSPÁRT",304
"1103","BÉKÉS",3,"MUNKÁSPÁRT",435
"1104","BORSOD-ABAÚJ-ZEMPLÉN",3,"MUNKÁSPÁRT",459
"1105","BUDAPEST",3,"MUNKÁSPÁRT",113
"1106","CSONGRÁD",3,"MUNKÁSPÁRT",345
"1107","FEJÉR",3,"MUNKÁSPÁRT",322
"1108","GYŐR-MOSON-SOPRON",3,"MUNKÁSPÁRT",167
"1109","HAJDÚ-BIHAR",3,"MUNKÁSPÁRT",199
"1110","HEVES",3,"MUNKÁSPÁRT",305
"1111","JÁSZ-NAGYKUN-SZOLNOK",3,"MUNKÁSPÁRT",509
"1112","KOMÁROM-ESZTERGOM",3,"MUNKÁSPÁRT",217
"1113","PEST",3,"MUNKÁSPÁRT",207
"1114","SOMOGY",3,"MUNKÁSPÁRT",182
"1115","SZABOLCS-SZATMÁR-BEREG",3,"MUNKÁSPÁRT",288
"1116","TOLNA",3,"MUNKÁSPÁRT",178
"1117","VAS",3,"MUNKÁSPÁRT",132
"1118","VESZPRÉM",3,"MUNKÁSPÁRT",152
"1119","ZALA",3,"MUNKÁSPÁRT",175
"1120","BÁCS-KISKUN",4,"MUNKÁSPÁRT",209
"1121","BARANYA",4,"MUNKÁSPÁRT",268
"1122","BÉKÉS",4,"MUNKÁSPÁRT",680
"1123","BORSOD-ABAÚJ-ZEMPLÉN",4,"MUNKÁSPÁRT",379
"1124","BUDAPEST",4,"MUNKÁSPÁRT",145
"1125","CSONGRÁD",4,"MUNKÁSPÁRT",596
"1126","FEJÉR",4,"MUNKÁSPÁRT",218
"1127","GYŐR-MOSON-SOPRON",4,"MUNKÁSPÁRT",163
"1128","HAJDÚ-BIHAR",4,"MUNKÁSPÁRT",210
"1129","JÁSZ-NAGYKUN-SZOLNOK",4,"MUNKÁSPÁRT",512
"1130","PEST",4,"MUNKÁSPÁRT",282
"1131","SOMOGY",4,"MUNKÁSPÁRT",166
"1132","SZABOLCS-SZATMÁR-BEREG",4,"MUNKÁSPÁRT",246
"1133","VESZPRÉM",4,"MUNKÁSPÁRT",197
"1134","BÁCS-KISKUN",5,"MUNKÁSPÁRT",212
"1135","BORSOD-ABAÚJ-ZEMPLÉN",5,"MUNKÁSPÁRT",232
"1136","BUDAPEST",5,"MUNKÁSPÁRT",153
"1137","FEJÉR",5,"MUNKÁSPÁRT",273
"1138","GYŐR-MOSON-SOPRON",5,"MUNKÁSPÁRT",343
"1139","HAJDÚ-BIHAR",5,"MUNKÁSPÁRT",228
"1140","PEST",5,"MUNKÁSPÁRT",215
"1141","SZABOLCS-SZATMÁR-BEREG",5,"MUNKÁSPÁRT",225
"1142","BÁCS-KISKUN",6,"MUNKÁSPÁRT",275
"1143","BORSOD-ABAÚJ-ZEMPLÉN",6,"MUNKÁSPÁRT",330
"1144","BUDAPEST",6,"MUNKÁSPÁRT",247
"1145","HAJDÚ-BIHAR",6,"MUNKÁSPÁRT",250
"1146","PEST",6,"MUNKÁSPÁRT",233
"1147","SZABOLCS-SZATMÁR-BEREG",6,"MUNKÁSPÁRT",174
"1148","BORSOD-ABAÚJ-ZEMPLÉN",7,"MUNKÁSPÁRT",384
"1149","BUDAPEST",7,"MUNKÁSPÁRT",236
"1150","PEST",7,"MUNKÁSPÁRT",238
"1151","BUDAPEST",8,"MUNKÁSPÁRT",327
"1152","PEST",8,"MUNKÁSPÁRT",289
"1153","BUDAPEST",9,"MUNKÁSPÁRT",346
"1154","PEST",9,"MUNKÁSPÁRT",184
"1155","BUDAPEST",10,"MUNKÁSPÁRT",244
"1156","PEST",10,"MUNKÁSPÁRT",209
"1157","BUDAPEST",11,"MUNKÁSPÁRT",365
"1158","PEST",11,"MUNKÁSPÁRT",225
"1159","BUDAPEST",12,"MUNKÁSPÁRT",258
"1160","PEST",12,"MUNKÁSPÁRT",204
"1161","BUDAPEST",13,"MUNKÁSPÁRT",176
"1162","BUDAPEST",14,"MUNKÁSPÁRT",257
"1163","BUDAPEST",15,"MUNKÁSPÁRT",251
"1164","BUDAPEST",16,"MUNKÁSPÁRT",259
"1165","BUDAPEST",17,"MUNKÁSPÁRT",454
"1166","BUDAPEST",18,"MUNKÁSPÁRT",243
"1167","BÁCS-KISKUN",1,"ÖSSZEFOGÁS",57
"1168","BARANYA",1,"ÖSSZEFOGÁS",73
"1169","BÉKÉS",1,"ÖSSZEFOGÁS",81
"1170","BORSOD-ABAÚJ-ZEMPLÉN",1,"ÖSSZEFOGÁS",69
"1171","BUDAPEST",1,"ÖSSZEFOGÁS",63
"1172","CSONGRÁD",1,"ÖSSZEFOGÁS",63
"1173","FEJÉR",1,"ÖSSZEFOGÁS",46
"1174","GYŐR-MOSON-SOPRON",1,"ÖSSZEFOGÁS",82
"1175","HAJDÚ-BIHAR",1,"ÖSSZEFOGÁS",97
"1176","HEVES",1,"ÖSSZEFOGÁS",80
"1177","JÁSZ-NAGYKUN-SZOLNOK",1,"ÖSSZEFOGÁS",43
"1178","KOMÁROM-ESZTERGOM",1,"ÖSSZEFOGÁS",76
"1179","NÓGRÁD",1,"ÖSSZEFOGÁS",44
"1180","PEST",1,"ÖSSZEFOGÁS",92
"1181","SOMOGY",1,"ÖSSZEFOGÁS",28
"1182","SZABOLCS-SZATMÁR-BEREG",1,"ÖSSZEFOGÁS",152
"1183","TOLNA",1,"ÖSSZEFOGÁS",19
"1184","VAS",1,"ÖSSZEFOGÁS",40
"1185","VESZPRÉM",1,"ÖSSZEFOGÁS",97
"1186","ZALA",1,"ÖSSZEFOGÁS",34
"1187","BÁCS-KISKUN",2,"ÖSSZEFOGÁS",43
"1188","BARANYA",2,"ÖSSZEFOGÁS",77
"1189","BÉKÉS",2,"ÖSSZEFOGÁS",48
"1190","BORSOD-ABAÚJ-ZEMPLÉN",2,"ÖSSZEFOGÁS",98
"1191","BUDAPEST",2,"ÖSSZEFOGÁS",56
"1192","CSONGRÁD",2,"ÖSSZEFOGÁS",45
"1193","FEJÉR",2,"ÖSSZEFOGÁS",31
"1194","GYŐR-MOSON-SOPRON",2,"ÖSSZEFOGÁS",45
"1195","HAJDÚ-BIHAR",2,"ÖSSZEFOGÁS",65
"1196","HEVES",2,"ÖSSZEFOGÁS",51
"1197","JÁSZ-NAGYKUN-SZOLNOK",2,"ÖSSZEFOGÁS",43
"1198","KOMÁROM-ESZTERGOM",2,"ÖSSZEFOGÁS",111
"1199","NÓGRÁD",2,"ÖSSZEFOGÁS",35
"1200","PEST",2,"ÖSSZEFOGÁS",68
"1201","SOMOGY",2,"ÖSSZEFOGÁS",23
"1202","SZABOLCS-SZATMÁR-BEREG",2,"ÖSSZEFOGÁS",98
"1203","TOLNA",2,"ÖSSZEFOGÁS",28
"1204","VAS",2,"ÖSSZEFOGÁS",59
"1205","VESZPRÉM",2,"ÖSSZEFOGÁS",73
"1206","ZALA",2,"ÖSSZEFOGÁS",30
"1207","BÁCS-KISKUN",3,"ÖSSZEFOGÁS",48
"1208","BARANYA",3,"ÖSSZEFOGÁS",38
"1209","BÉKÉS",3,"ÖSSZEFOGÁS",50
"1210","BORSOD-ABAÚJ-ZEMPLÉN",3,"ÖSSZEFOGÁS",34
"1211","BUDAPEST",3,"ÖSSZEFOGÁS",56
"1212","CSONGRÁD",3,"ÖSSZEFOGÁS",41
"1213","FEJÉR",3,"ÖSSZEFOGÁS",40
"1214","GYŐR-MOSON-SOPRON",3,"ÖSSZEFOGÁS",24
"1215","HAJDÚ-BIHAR",3,"ÖSSZEFOGÁS",55
"1216","HEVES",3,"ÖSSZEFOGÁS",68
"1217","JÁSZ-NAGYKUN-SZOLNOK",3,"ÖSSZEFOGÁS",41
"1218","KOMÁROM-ESZTERGOM",3,"ÖSSZEFOGÁS",78
"1219","PEST",3,"ÖSSZEFOGÁS",116
"1220","SOMOGY",3,"ÖSSZEFOGÁS",32
"1221","SZABOLCS-SZATMÁR-BEREG",3,"ÖSSZEFOGÁS",49
"1222","TOLNA",3,"ÖSSZEFOGÁS",31
"1223","VAS",3,"ÖSSZEFOGÁS",28
"1224","VESZPRÉM",3,"ÖSSZEFOGÁS",37
"1225","ZALA",3,"ÖSSZEFOGÁS",52
"1226","BÁCS-KISKUN",4,"ÖSSZEFOGÁS",48
"1227","BARANYA",4,"ÖSSZEFOGÁS",49
"1228","BÉKÉS",4,"ÖSSZEFOGÁS",54
"1229","BORSOD-ABAÚJ-ZEMPLÉN",4,"ÖSSZEFOGÁS",43
"1230","BUDAPEST",4,"ÖSSZEFOGÁS",133
"1231","CSONGRÁD",4,"ÖSSZEFOGÁS",41
"1232","FEJÉR",4,"ÖSSZEFOGÁS",26
"1233","GYŐR-MOSON-SOPRON",4,"ÖSSZEFOGÁS",35
"1234","HAJDÚ-BIHAR",4,"ÖSSZEFOGÁS",35
"1235","JÁSZ-NAGYKUN-SZOLNOK",4,"ÖSSZEFOGÁS",26
"1236","PEST",4,"ÖSSZEFOGÁS",74
"1237","SOMOGY",4,"ÖSSZEFOGÁS",23
"1238","SZABOLCS-SZATMÁR-BEREG",4,"ÖSSZEFOGÁS",41
"1239","VESZPRÉM",4,"ÖSSZEFOGÁS",24
"1240","BÁCS-KISKUN",5,"ÖSSZEFOGÁS",33
"1241","BORSOD-ABAÚJ-ZEMPLÉN",5,"ÖSSZEFOGÁS",63
"1242","BUDAPEST",5,"ÖSSZEFOGÁS",60
"1243","FEJÉR",5,"ÖSSZEFOGÁS",36
"1244","GYŐR-MOSON-SOPRON",5,"ÖSSZEFOGÁS",84
"1245","HAJDÚ-BIHAR",5,"ÖSSZEFOGÁS",43
"1246","PEST",5,"ÖSSZEFOGÁS",83
"1247","SZABOLCS-SZATMÁR-BEREG",5,"ÖSSZEFOGÁS",35
"1248","BÁCS-KISKUN",6,"ÖSSZEFOGÁS",29
"1249","BORSOD-ABAÚJ-ZEMPLÉN",6,"ÖSSZEFOGÁS",74
"1250","BUDAPEST",6,"ÖSSZEFOGÁS",43
"1251","HAJDÚ-BIHAR",6,"ÖSSZEFOGÁS",63
"1252","PEST",6,"ÖSSZEFOGÁS",86
"1253","SZABOLCS-SZATMÁR-BEREG",6,"ÖSSZEFOGÁS",39
"1254","BORSOD-ABAÚJ-ZEMPLÉN",7,"ÖSSZEFOGÁS",47
"1255","BUDAPEST",7,"ÖSSZEFOGÁS",80
"1256","PEST",7,"ÖSSZEFOGÁS",109
"1257","BUDAPEST",8,"ÖSSZEFOGÁS",73
"1258","PEST",8,"ÖSSZEFOGÁS",190
"1259","BUDAPEST",9,"ÖSSZEFOGÁS",93
"1260","PEST",9,"ÖSSZEFOGÁS",56
"1261","BUDAPEST",10,"ÖSSZEFOGÁS",91
"1262","PEST",10,"ÖSSZEFOGÁS",80
"1263","BUDAPEST",11,"ÖSSZEFOGÁS",121
"1264","PEST",11,"ÖSSZEFOGÁS",118
"1265","BUDAPEST",12,"ÖSSZEFOGÁS",59
"1266","PEST",12,"ÖSSZEFOGÁS",60
"1267","BUDAPEST",13,"ÖSSZEFOGÁS",132
"1268","BUDAPEST",14,"ÖSSZEFOGÁS",73
"1269","BUDAPEST",15,"ÖSSZEFOGÁS",72
"1270","BUDAPEST",16,"ÖSSZEFOGÁS",83
"1271","BUDAPEST",17,"ÖSSZEFOGÁS",100
"1272","BUDAPEST",18,"ÖSSZEFOGÁS",86
"1273","BÁCS-KISKUN",1,"SEM",67
"1274","BARANYA",1,"SEM",170
"1275","BÉKÉS",1,"SEM",165
"1276","BORSOD-ABAÚJ-ZEMPLÉN",1,"SEM",167
"1277","BUDAPEST",1,"SEM",145
"1278","CSONGRÁD",1,"SEM",146
"1279","FEJÉR",1,"SEM",145
"1280","GYŐR-MOSON-SOPRON",1,"SEM",117
"1281","HAJDÚ-BIHAR",1,"SEM",123
"1282","HEVES",1,"SEM",127
"1283","JÁSZ-NAGYKUN-SZOLNOK",1,"SEM",126
"1284","KOMÁROM-ESZTERGOM",1,"SEM",181
"1285","NÓGRÁD",1,"SEM",105
"1286","PEST",1,"SEM",162
"1287","SOMOGY",1,"SEM",108
"1288","SZABOLCS-SZATMÁR-BEREG",1,"SEM",143
"1289","TOLNA",1,"SEM",90
"1290","VAS",1,"SEM",157
"1291","VESZPRÉM",1,"SEM",196
"1292","ZALA",1,"SEM",113
"1293","BÁCS-KISKUN",2,"SEM",158
"1294","BARANYA",2,"SEM",116
"1295","BÉKÉS",2,"SEM",85
"1296","BORSOD-ABAÚJ-ZEMPLÉN",2,"SEM",100
"1297","BUDAPEST",2,"SEM",237
"1298","CSONGRÁD",2,"SEM",167
"1299","FEJÉR",2,"SEM",92
"1300","GYŐR-MOSON-SOPRON",2,"SEM",109
"1301","HAJDÚ-BIHAR",2,"SEM",199
"1302","HEVES",2,"SEM",76
"1303","JÁSZ-NAGYKUN-SZOLNOK",2,"SEM",58
"1304","KOMÁROM-ESZTERGOM",2,"SEM",128
"1305","NÓGRÁD",2,"SEM",93
"1306","PEST",2,"SEM",168
"1307","SOMOGY",2,"SEM",58
"1308","SZABOLCS-SZATMÁR-BEREG",2,"SEM",41
"1309","TOLNA",2,"SEM",74
"1310","VAS",2,"SEM",63
"1311","VESZPRÉM",2,"SEM",160
"1312","ZALA",2,"SEM",73
"1313","BÁCS-KISKUN",3,"SEM",68
"1314","BARANYA",3,"SEM",107
"1315","BÉKÉS",3,"SEM",70
"1316","BORSOD-ABAÚJ-ZEMPLÉN",3,"SEM",47
"1317","BUDAPEST",3,"SEM",186
"1318","CSONGRÁD",3,"SEM",91
"1319","FEJÉR",3,"SEM",134
"1320","GYŐR-MOSON-SOPRON",3,"SEM",55
"1321","HAJDÚ-BIHAR",3,"SEM",73
"1322","HEVES",3,"SEM",104
"1323","JÁSZ-NAGYKUN-SZOLNOK",3,"SEM",63
"1324","KOMÁROM-ESZTERGOM",3,"SEM",127
"1325","PEST",3,"SEM",225
"1326","SOMOGY",3,"SEM",49
"1327","SZABOLCS-SZATMÁR-BEREG",3,"SEM",42
"1328","TOLNA",3,"SEM",97
"1329","VAS",3,"SEM",110
"1330","VESZPRÉM",3,"SEM",106
"1331","ZALA",3,"SEM",116
"1332","BÁCS-KISKUN",4,"SEM",77
"1333","BARANYA",4,"SEM",77
"1334","BÉKÉS",4,"SEM",79
"1335","BORSOD-ABAÚJ-ZEMPLÉN",4,"SEM",97
"1336","BUDAPEST",4,"SEM",151
"1337","CSONGRÁD",4,"SEM",128
"1338","FEJÉR",4,"SEM",127
"1339","GYŐR-MOSON-SOPRON",4,"SEM",114
"1340","HAJDÚ-BIHAR",4,"SEM",47
"1341","JÁSZ-NAGYKUN-SZOLNOK",4,"SEM",61
"1342","PEST",4,"SEM",105
"1343","SOMOGY",4,"SEM",104
"1344","SZABOLCS-SZATMÁR-BEREG",4,"SEM",39
"1345","VESZPRÉM",4,"SEM",71
"1346","BÁCS-KISKUN",5,"SEM",76
"1347","BORSOD-ABAÚJ-ZEMPLÉN",5,"SEM",54
"1348","BUDAPEST",5,"SEM",115
"1349","FEJÉR",5,"SEM",60
"1350","GYŐR-MOSON-SOPRON",5,"SEM",182
"1351","HAJDÚ-BIHAR",5,"SEM",65
"1352","PEST",5,"SEM",287
"1353","SZABOLCS-SZATMÁR-BEREG",5,"SEM",34
"1354","BÁCS-KISKUN",6,"SEM",61
"1355","BORSOD-ABAÚJ-ZEMPLÉN",6,"SEM",99
"1356","BUDAPEST",6,"SEM",94
"1357","HAJDÚ-BIHAR",6,"SEM",65
"1358","PEST",6,"SEM",170
"1359","SZABOLCS-SZATMÁR-BEREG",6,"SEM",45
"1360","BORSOD-ABAÚJ-ZEMPLÉN",7,"SEM",70
"1361","BUDAPEST",7,"SEM",234
"1362","PEST",7,"SEM",144
"1363","BUDAPEST",8,"SEM",151
"1364","PEST",8,"SEM",169
"1365","BUDAPEST",9,"SEM",136
"1366","PEST",9,"SEM",58
"1367","BUDAPEST",10,"SEM",158
"1368","PEST",10,"SEM",100
"1369","BUDAPEST",11,"SEM",258
"1370","PEST",11,"SEM",147
"1371","BUDAPEST",12,"SEM",146
"1372","PEST",12,"SEM",82
"1373","BUDAPEST",13,"SEM",165
"1374","BUDAPEST",14,"SEM",203
"1375","BUDAPEST",15,"SEM",196
"1376","BUDAPEST",16,"SEM",139
"1377","BUDAPEST",17,"SEM",150
"1378","BUDAPEST",18,"SEM",170
"1379","BÁCS-KISKUN",1,"SERES MÁRIA SZÖVETSÉGESEI",192
"1380","BARANYA",1,"SERES MÁRIA SZÖVETSÉGESEI",208
"1381","BÉKÉS",1,"SERES MÁRIA SZÖVETSÉGESEI",228
"1382","BORSOD-ABAÚJ-ZEMPLÉN",1,"SERES MÁRIA SZÖVETSÉGESEI",210
"1383","BUDAPEST",1,"SERES MÁRIA SZÖVETSÉGESEI",223
"1384","CSONGRÁD",1,"SERES MÁRIA SZÖVETSÉGESEI",237
"1385","FEJÉR",1,"SERES MÁRIA SZÖVETSÉGESEI",229
"1386","GYŐR-MOSON-SOPRON",1,"SERES MÁRIA SZÖVETSÉGESEI",231
"1387","HAJDÚ-BIHAR",1,"SERES MÁRIA SZÖVETSÉGESEI",261
"1388","HEVES",1,"SERES MÁRIA SZÖVETSÉGESEI",169
"1389","JÁSZ-NAGYKUN-SZOLNOK",1,"SERES MÁRIA SZÖVETSÉGESEI",333
"1390","KOMÁROM-ESZTERGOM",1,"SERES MÁRIA SZÖVETSÉGESEI",213
"1391","NÓGRÁD",1,"SERES MÁRIA SZÖVETSÉGESEI",433
"1392","PEST",1,"SERES MÁRIA SZÖVETSÉGESEI",340
"1393","SOMOGY",1,"SERES MÁRIA SZÖVETSÉGESEI",196
"1394","SZABOLCS-SZATMÁR-BEREG",1,"SERES MÁRIA SZÖVETSÉGESEI",641
"1395","TOLNA",1,"SERES MÁRIA SZÖVETSÉGESEI",116
"1396","VAS",1,"SERES MÁRIA SZÖVETSÉGESEI",258
"1397","VESZPRÉM",1,"SERES MÁRIA SZÖVETSÉGESEI",218
"1398","ZALA",1,"SERES MÁRIA SZÖVETSÉGESEI",357
"1399","BÁCS-KISKUN",2,"SERES MÁRIA SZÖVETSÉGESEI",203
"1400","BARANYA",2,"SERES MÁRIA SZÖVETSÉGESEI",170
"1401","BÉKÉS",2,"SERES MÁRIA SZÖVETSÉGESEI",165
"1402","BORSOD-ABAÚJ-ZEMPLÉN",2,"SERES MÁRIA SZÖVETSÉGESEI",175
"1403","BUDAPEST",2,"SERES MÁRIA SZÖVETSÉGESEI",226
"1404","CSONGRÁD",2,"SERES MÁRIA SZÖVETSÉGESEI",253
"1405","FEJÉR",2,"SERES MÁRIA SZÖVETSÉGESEI",253
"1406","GYŐR-MOSON-SOPRON",2,"SERES MÁRIA SZÖVETSÉGESEI",288
"1407","HAJDÚ-BIHAR",2,"SERES MÁRIA SZÖVETSÉGESEI",286
"1408","HEVES",2,"SERES MÁRIA SZÖVETSÉGESEI",124
"1409","JÁSZ-NAGYKUN-SZOLNOK",2,"SERES MÁRIA SZÖVETSÉGESEI",144
"1410","KOMÁROM-ESZTERGOM",2,"SERES MÁRIA SZÖVETSÉGESEI",210
"1411","NÓGRÁD",2,"SERES MÁRIA SZÖVETSÉGESEI",195
"1412","PEST",2,"SERES MÁRIA SZÖVETSÉGESEI",333
"1413","SOMOGY",2,"SERES MÁRIA SZÖVETSÉGESEI",143
"1414","SZABOLCS-SZATMÁR-BEREG",2,"SERES MÁRIA SZÖVETSÉGESEI",219
"1415","TOLNA",2,"SERES MÁRIA SZÖVETSÉGESEI",105
"1416","VAS",2,"SERES MÁRIA SZÖVETSÉGESEI",130
"1417","VESZPRÉM",2,"SERES MÁRIA SZÖVETSÉGESEI",189
"1418","ZALA",2,"SERES MÁRIA SZÖVETSÉGESEI",150
"1419","BÁCS-KISKUN",3,"SERES MÁRIA SZÖVETSÉGESEI",97
"1420","BARANYA",3,"SERES MÁRIA SZÖVETSÉGESEI",112
"1421","BÉKÉS",3,"SERES MÁRIA SZÖVETSÉGESEI",130
"1422","BORSOD-ABAÚJ-ZEMPLÉN",3,"SERES MÁRIA SZÖVETSÉGESEI",79
"1423","BUDAPEST",3,"SERES MÁRIA SZÖVETSÉGESEI",159
"1424","CSONGRÁD",3,"SERES MÁRIA SZÖVETSÉGESEI",342
"1425","FEJÉR",3,"SERES MÁRIA SZÖVETSÉGESEI",222
"1426","GYŐR-MOSON-SOPRON",3,"SERES MÁRIA SZÖVETSÉGESEI",120
"1427","HAJDÚ-BIHAR",3,"SERES MÁRIA SZÖVETSÉGESEI",162
"1428","HEVES",3,"SERES MÁRIA SZÖVETSÉGESEI",128
"1429","JÁSZ-NAGYKUN-SZOLNOK",3,"SERES MÁRIA SZÖVETSÉGESEI",113
"1430","KOMÁROM-ESZTERGOM",3,"SERES MÁRIA SZÖVETSÉGESEI",152
"1431","PEST",3,"SERES MÁRIA SZÖVETSÉGESEI",267
"1432","SOMOGY",3,"SERES MÁRIA SZÖVETSÉGESEI",130
"1433","SZABOLCS-SZATMÁR-BEREG",3,"SERES MÁRIA SZÖVETSÉGESEI",144
"1434","TOLNA",3,"SERES MÁRIA SZÖVETSÉGESEI",106
"1435","VAS",3,"SERES MÁRIA SZÖVETSÉGESEI",195
"1436","VESZPRÉM",3,"SERES MÁRIA SZÖVETSÉGESEI",146
"1437","ZALA",3,"SERES MÁRIA SZÖVETSÉGESEI",154
"1438","BÁCS-KISKUN",4,"SERES MÁRIA SZÖVETSÉGESEI",226
"1439","BARANYA",4,"SERES MÁRIA SZÖVETSÉGESEI",108
"1440","BÉKÉS",4,"SERES MÁRIA SZÖVETSÉGESEI",224
"1441","BORSOD-ABAÚJ-ZEMPLÉN",4,"SERES MÁRIA SZÖVETSÉGESEI",183
"1442","BUDAPEST",4,"SERES MÁRIA SZÖVETSÉGESEI",186
"1443","CSONGRÁD",4,"SERES MÁRIA SZÖVETSÉGESEI",261
"1444","FEJÉR",4,"SERES MÁRIA SZÖVETSÉGESEI",495
"1445","GYŐR-MOSON-SOPRON",4,"SERES MÁRIA SZÖVETSÉGESEI",337
"1446","HAJDÚ-BIHAR",4,"SERES MÁRIA SZÖVETSÉGESEI",155
"1447","JÁSZ-NAGYKUN-SZOLNOK",4,"SERES MÁRIA SZÖVETSÉGESEI",166
"1448","PEST",4,"SERES MÁRIA SZÖVETSÉGESEI",229
"1449","SOMOGY",4,"SERES MÁRIA SZÖVETSÉGESEI",191
"1450","SZABOLCS-SZATMÁR-BEREG",4,"SERES MÁRIA SZÖVETSÉGESEI",87
"1451","VESZPRÉM",4,"SERES MÁRIA SZÖVETSÉGESEI",146
"1452","BÁCS-KISKUN",5,"SERES MÁRIA SZÖVETSÉGESEI",127
"1453","BORSOD-ABAÚJ-ZEMPLÉN",5,"SERES MÁRIA SZÖVETSÉGESEI",125
"1454","BUDAPEST",5,"SERES MÁRIA SZÖVETSÉGESEI",213
"1455","FEJÉR",5,"SERES MÁRIA SZÖVETSÉGESEI",118
"1456","GYŐR-MOSON-SOPRON",5,"SERES MÁRIA SZÖVETSÉGESEI",219
"1457","HAJDÚ-BIHAR",5,"SERES MÁRIA SZÖVETSÉGESEI",157
"1458","PEST",5,"SERES MÁRIA SZÖVETSÉGESEI",285
"1459","SZABOLCS-SZATMÁR-BEREG",5,"SERES MÁRIA SZÖVETSÉGESEI",121
"1460","BÁCS-KISKUN",6,"SERES MÁRIA SZÖVETSÉGESEI",117
"1461","BORSOD-ABAÚJ-ZEMPLÉN",6,"SERES MÁRIA SZÖVETSÉGESEI",141
"1462","BUDAPEST",6,"SERES MÁRIA SZÖVETSÉGESEI",176
"1463","HAJDÚ-BIHAR",6,"SERES MÁRIA SZÖVETSÉGESEI",148
"1464","PEST",6,"SERES MÁRIA SZÖVETSÉGESEI",269
"1465","SZABOLCS-SZATMÁR-BEREG",6,"SERES MÁRIA SZÖVETSÉGESEI",112
"1466","BORSOD-ABAÚJ-ZEMPLÉN",7,"SERES MÁRIA SZÖVETSÉGESEI",174
"1467","BUDAPEST",7,"SERES MÁRIA SZÖVETSÉGESEI",295
"1468","PEST",7,"SERES MÁRIA SZÖVETSÉGESEI",195
"1469","BUDAPEST",8,"SERES MÁRIA SZÖVETSÉGESEI",251
"1470","PEST",8,"SERES MÁRIA SZÖVETSÉGESEI",277
"1471","BUDAPEST",9,"SERES MÁRIA SZÖVETSÉGESEI",308
"1472","PEST",9,"SERES MÁRIA SZÖVETSÉGESEI",175
"1473","BUDAPEST",10,"SERES MÁRIA SZÖVETSÉGESEI",233
"1474","PEST",10,"SERES MÁRIA SZÖVETSÉGESEI",128
"1475","BUDAPEST",11,"SERES MÁRIA SZÖVETSÉGESEI",286
"1476","PEST",11,"SERES MÁRIA SZÖVETSÉGESEI",258
"1477","BUDAPEST",12,"SERES MÁRIA SZÖVETSÉGESEI",296
"1478","PEST",12,"SERES MÁRIA SZÖVETSÉGESEI",101
"1479","BUDAPEST",13,"SERES MÁRIA SZÖVETSÉGESEI",270
"1480","BUDAPEST",14,"SERES MÁRIA SZÖVETSÉGESEI",262
"1481","BUDAPEST",15,"SERES MÁRIA SZÖVETSÉGESEI",289
"1482","BUDAPEST",16,"SERES MÁRIA SZÖVETSÉGESEI",273
"1483","BUDAPEST",17,"SERES MÁRIA SZÖVETSÉGESEI",308
"1484","BUDAPEST",18,"SERES MÁRIA SZÖVETSÉGESEI",279
"1485","BÁCS-KISKUN",1,"SZOCIÁLDEMOKRATÁK",95
"1486","BARANYA",1,"SZOCIÁLDEMOKRATÁK",219
"1487","BÉKÉS",1,"SZOCIÁLDEMOKRATÁK",121
"1488","BORSOD-ABAÚJ-ZEMPLÉN",1,"SZOCIÁLDEMOKRATÁK",136
"1489","BUDAPEST",1,"SZOCIÁLDEMOKRATÁK",165
"1490","CSONGRÁD",1,"SZOCIÁLDEMOKRATÁK",195
"1491","FEJÉR",1,"SZOCIÁLDEMOKRATÁK",161
"1492","GYŐR-MOSON-SOPRON",1,"SZOCIÁLDEMOKRATÁK",160
"1493","HAJDÚ-BIHAR",1,"SZOCIÁLDEMOKRATÁK",147
"1494","HEVES",1,"SZOCIÁLDEMOKRATÁK",217
"1495","JÁSZ-NAGYKUN-SZOLNOK",1,"SZOCIÁLDEMOKRATÁK",154
"1496","KOMÁROM-ESZTERGOM",1,"SZOCIÁLDEMOKRATÁK",191
"1497","NÓGRÁD",1,"SZOCIÁLDEMOKRATÁK",111
"1498","PEST",1,"SZOCIÁLDEMOKRATÁK",139
"1499","SOMOGY",1,"SZOCIÁLDEMOKRATÁK",151
"1500","SZABOLCS-SZATMÁR-BEREG",1,"SZOCIÁLDEMOKRATÁK",126
"1501","TOLNA",1,"SZOCIÁLDEMOKRATÁK",85
"1502","VAS",1,"SZOCIÁLDEMOKRATÁK",109
"1503","VESZPRÉM",1,"SZOCIÁLDEMOKRATÁK",116
"1504","ZALA",1,"SZOCIÁLDEMOKRATÁK",122
"1505","BÁCS-KISKUN",2,"SZOCIÁLDEMOKRATÁK",94
"1506","BARANYA",2,"SZOCIÁLDEMOKRATÁK",217
"1507","BÉKÉS",2,"SZOCIÁLDEMOKRATÁK",137
"1508","BORSOD-ABAÚJ-ZEMPLÉN",2,"SZOCIÁLDEMOKRATÁK",141
"1509","BUDAPEST",2,"SZOCIÁLDEMOKRATÁK",189
"1510","CSONGRÁD",2,"SZOCIÁLDEMOKRATÁK",153
"1511","FEJÉR",2,"SZOCIÁLDEMOKRATÁK",125
"1512","GYŐR-MOSON-SOPRON",2,"SZOCIÁLDEMOKRATÁK",142
"1513","HAJDÚ-BIHAR",2,"SZOCIÁLDEMOKRATÁK",183
"1514","HEVES",2,"SZOCIÁLDEMOKRATÁK",101
"1515","JÁSZ-NAGYKUN-SZOLNOK",2,"SZOCIÁLDEMOKRATÁK",116
"1516","KOMÁROM-ESZTERGOM",2,"SZOCIÁLDEMOKRATÁK",133
"1517","NÓGRÁD",2,"SZOCIÁLDEMOKRATÁK",123
"1518","PEST",2,"SZOCIÁLDEMOKRATÁK",177
"1519","SOMOGY",2,"SZOCIÁLDEMOKRATÁK",63
"1520","SZABOLCS-SZATMÁR-BEREG",2,"SZOCIÁLDEMOKRATÁK",75
"1521","TOLNA",2,"SZOCIÁLDEMOKRATÁK",62
"1522","VAS",2,"SZOCIÁLDEMOKRATÁK",96
"1523","VESZPRÉM",2,"SZOCIÁLDEMOKRATÁK",136
"1524","ZALA",2,"SZOCIÁLDEMOKRATÁK",89
"1525","BÁCS-KISKUN",3,"SZOCIÁLDEMOKRATÁK",115
"1526","BARANYA",3,"SZOCIÁLDEMOKRATÁK",112
"1527","BÉKÉS",3,"SZOCIÁLDEMOKRATÁK",78
"1528","BORSOD-ABAÚJ-ZEMPLÉN",3,"SZOCIÁLDEMOKRATÁK",185
"1529","BUDAPEST",3,"SZOCIÁLDEMOKRATÁK",135
"1530","CSONGRÁD",3,"SZOCIÁLDEMOKRATÁK",123
"1531","FEJÉR",3,"SZOCIÁLDEMOKRATÁK",113
"1532","GYŐR-MOSON-SOPRON",3,"SZOCIÁLDEMOKRATÁK",64
"1533","HAJDÚ-BIHAR",3,"SZOCIÁLDEMOKRATÁK",92
"1534","HEVES",3,"SZOCIÁLDEMOKRATÁK",117
"1535","JÁSZ-NAGYKUN-SZOLNOK",3,"SZOCIÁLDEMOKRATÁK",96
"1536","KOMÁROM-ESZTERGOM",3,"SZOCIÁLDEMOKRATÁK",115
"1537","PEST",3,"SZOCIÁLDEMOKRATÁK",202
"1538","SOMOGY",3,"SZOCIÁLDEMOKRATÁK",89
"1539","SZABOLCS-SZATMÁR-BEREG",3,"SZOCIÁLDEMOKRATÁK",105
"1540","TOLNA",3,"SZOCIÁLDEMOKRATÁK",80
"1541","VAS",3,"SZOCIÁLDEMOKRATÁK",81
"1542","VESZPRÉM",3,"SZOCIÁLDEMOKRATÁK",154
"1543","ZALA",3,"SZOCIÁLDEMOKRATÁK",77
"1544","BÁCS-KISKUN",4,"SZOCIÁLDEMOKRATÁK",199
"1545","BARANYA",4,"SZOCIÁLDEMOKRATÁK",129
"1546","BÉKÉS",4,"SZOCIÁLDEMOKRATÁK",106
"1547","BORSOD-ABAÚJ-ZEMPLÉN",4,"SZOCIÁLDEMOKRATÁK",113
"1548","BUDAPEST",4,"SZOCIÁLDEMOKRATÁK",139
"1549","CSONGRÁD",4,"SZOCIÁLDEMOKRATÁK",178
"1550","FEJÉR",4,"SZOCIÁLDEMOKRATÁK",164
"1551","GYŐR-MOSON-SOPRON",4,"SZOCIÁLDEMOKRATÁK",150
"1552","HAJDÚ-BIHAR",4,"SZOCIÁLDEMOKRATÁK",106
"1553","JÁSZ-NAGYKUN-SZOLNOK",4,"SZOCIÁLDEMOKRATÁK",79
"1554","PEST",4,"SZOCIÁLDEMOKRATÁK",166
"1555","SOMOGY",4,"SZOCIÁLDEMOKRATÁK",83
"1556","SZABOLCS-SZATMÁR-BEREG",4,"SZOCIÁLDEMOKRATÁK",160
"1557","VESZPRÉM",4,"SZOCIÁLDEMOKRATÁK",67
"1558","BÁCS-KISKUN",5,"SZOCIÁLDEMOKRATÁK",106
"1559","BORSOD-ABAÚJ-ZEMPLÉN",5,"SZOCIÁLDEMOKRATÁK",165
"1560","BUDAPEST",5,"SZOCIÁLDEMOKRATÁK",160
"1561","FEJÉR",5,"SZOCIÁLDEMOKRATÁK",67
"1562","GYŐR-MOSON-SOPRON",5,"SZOCIÁLDEMOKRATÁK",143
"1563","HAJDÚ-BIHAR",5,"SZOCIÁLDEMOKRATÁK",127
"1564","PEST",5,"SZOCIÁLDEMOKRATÁK",234
"1565","SZABOLCS-SZATMÁR-BEREG",5,"SZOCIÁLDEMOKRATÁK",63
"1566","BÁCS-KISKUN",6,"SZOCIÁLDEMOKRATÁK",86
"1567","BORSOD-ABAÚJ-ZEMPLÉN",6,"SZOCIÁLDEMOKRATÁK",101
"1568","BUDAPEST",6,"SZOCIÁLDEMOKRATÁK",186
"1569","HAJDÚ-BIHAR",6,"SZOCIÁLDEMOKRATÁK",93
"1570","PEST",6,"SZOCIÁLDEMOKRATÁK",147
"1571","SZABOLCS-SZATMÁR-BEREG",6,"SZOCIÁLDEMOKRATÁK",103
"1572","BORSOD-ABAÚJ-ZEMPLÉN",7,"SZOCIÁLDEMOKRATÁK",109
"1573","BUDAPEST",7,"SZOCIÁLDEMOKRATÁK",239
"1574","PEST",7,"SZOCIÁLDEMOKRATÁK",145
"1575","BUDAPEST",8,"SZOCIÁLDEMOKRATÁK",216
"1576","PEST",8,"SZOCIÁLDEMOKRATÁK",160
"1577","BUDAPEST",9,"SZOCIÁLDEMOKRATÁK",257
"1578","PEST",9,"SZOCIÁLDEMOKRATÁK",91
"1579","BUDAPEST",10,"SZOCIÁLDEMOKRATÁK",281
"1580","PEST",10,"SZOCIÁLDEMOKRATÁK",101
"1581","BUDAPEST",11,"SZOCIÁLDEMOKRATÁK",257
"1582","PEST",11,"SZOCIÁLDEMOKRATÁK",120
"1583","BUDAPEST",12,"SZOCIÁLDEMOKRATÁK",285
"1584","PEST",12,"SZOCIÁLDEMOKRATÁK",115
"1585","BUDAPEST",13,"SZOCIÁLDEMOKRATÁK",233
"1586","BUDAPEST",14,"SZOCIÁLDEMOKRATÁK",234
"1587","BUDAPEST",15,"SZOCIÁLDEMOKRATÁK",214
"1588","BUDAPEST",16,"SZOCIÁLDEMOKRATÁK",252
"1589","BUDAPEST",17,"SZOCIÁLDEMOKRATÁK",242
"1590","BUDAPEST",18,"SZOCIÁLDEMOKRATÁK",236
"1591","BÁCS-KISKUN",1,"ÚDP",24
"1592","BARANYA",1,"ÚDP",19
"1593","BÉKÉS",1,"ÚDP",21
"1594","BORSOD-ABAÚJ-ZEMPLÉN",1,"ÚDP",12
"1595","BUDAPEST",1,"ÚDP",14
"1596","CSONGRÁD",1,"ÚDP",37
"1597","FEJÉR",1,"ÚDP",14
"1598","GYŐR-MOSON-SOPRON",1,"ÚDP",34
"1599","HAJDÚ-BIHAR",1,"ÚDP",21
"1600","HEVES",1,"ÚDP",10
"1601","JÁSZ-NAGYKUN-SZOLNOK",1,"ÚDP",15
"1602","KOMÁROM-ESZTERGOM",1,"ÚDP",14
"1603","NÓGRÁD",1,"ÚDP",16
"1604","PEST",1,"ÚDP",19
"1605","SOMOGY",1,"ÚDP",14
"1606","SZABOLCS-SZATMÁR-BEREG",1,"ÚDP",19
"1607","TOLNA",1,"ÚDP",18
"1608","VAS",1,"ÚDP",38
"1609","VESZPRÉM",1,"ÚDP",29
"1610","ZALA",1,"ÚDP",18
"1611","BÁCS-KISKUN",2,"ÚDP",16
"1612","BARANYA",2,"ÚDP",23
"1613","BÉKÉS",2,"ÚDP",26
"1614","BORSOD-ABAÚJ-ZEMPLÉN",2,"ÚDP",12
"1615","BUDAPEST",2,"ÚDP",13
"1616","CSONGRÁD",2,"ÚDP",37
"1617","FEJÉR",2,"ÚDP",13
"1618","GYŐR-MOSON-SOPRON",2,"ÚDP",19
"1619","HAJDÚ-BIHAR",2,"ÚDP",12
"1620","HEVES",2,"ÚDP",14
"1621","JÁSZ-NAGYKUN-SZOLNOK",2,"ÚDP",14
"1622","KOMÁROM-ESZTERGOM",2,"ÚDP",22
"1623","NÓGRÁD",2,"ÚDP",11
"1624","PEST",2,"ÚDP",19
"1625","SOMOGY",2,"ÚDP",14
"1626","SZABOLCS-SZATMÁR-BEREG",2,"ÚDP",18
"1627","TOLNA",2,"ÚDP",14
"1628","VAS",2,"ÚDP",64
"1629","VESZPRÉM",2,"ÚDP",15
"1630","ZALA",2,"ÚDP",23
"1631","BÁCS-KISKUN",3,"ÚDP",36
"1632","BARANYA",3,"ÚDP",22
"1633","BÉKÉS",3,"ÚDP",13
"1634","BORSOD-ABAÚJ-ZEMPLÉN",3,"ÚDP",17
"1635","BUDAPEST",3,"ÚDP",7
"1636","CSONGRÁD",3,"ÚDP",31
"1637","FEJÉR",3,"ÚDP",19
"1638","GYŐR-MOSON-SOPRON",3,"ÚDP",23
"1639","HAJDÚ-BIHAR",3,"ÚDP",18
"1640","HEVES",3,"ÚDP",21
"1641","JÁSZ-NAGYKUN-SZOLNOK",3,"ÚDP",12
"1642","KOMÁROM-ESZTERGOM",3,"ÚDP",40
"1643","PEST",3,"ÚDP",10
"1644","SOMOGY",3,"ÚDP",12
"1645","SZABOLCS-SZATMÁR-BEREG",3,"ÚDP",14
"1646","TOLNA",3,"ÚDP",16
"1647","VAS",3,"ÚDP",29
"1648","VESZPRÉM",3,"ÚDP",25
"1649","ZALA",3,"ÚDP",19
"1650","BÁCS-KISKUN",4,"ÚDP",19
"1651","BARANYA",4,"ÚDP",26
"1652","BÉKÉS",4,"ÚDP",14
"1653","BORSOD-ABAÚJ-ZEMPLÉN",4,"ÚDP",33
"1654","BUDAPEST",4,"ÚDP",9
"1655","CSONGRÁD",4,"ÚDP",17
"1656","FEJÉR",4,"ÚDP",13
"1657","GYŐR-MOSON-SOPRON",4,"ÚDP",32
"1658","HAJDÚ-BIHAR",4,"ÚDP",19
"1659","JÁSZ-NAGYKUN-SZOLNOK",4,"ÚDP",18
"1660","PEST",4,"ÚDP",13
"1661","SOMOGY",4,"ÚDP",14
"1662","SZABOLCS-SZATMÁR-BEREG",4,"ÚDP",20
"1663","VESZPRÉM",4,"ÚDP",16
"1664","BÁCS-KISKUN",5,"ÚDP",30
"1665","BORSOD-ABAÚJ-ZEMPLÉN",5,"ÚDP",13
"1666","BUDAPEST",5,"ÚDP",18
"1667","FEJÉR",5,"ÚDP",18
"1668","GYŐR-MOSON-SOPRON",5,"ÚDP",22
"1669","HAJDÚ-BIHAR",5,"ÚDP",17
"1670","PEST",5,"ÚDP",24
"1671","SZABOLCS-SZATMÁR-BEREG",5,"ÚDP",40
"1672","BÁCS-KISKUN",6,"ÚDP",15
"1673","BORSOD-ABAÚJ-ZEMPLÉN",6,"ÚDP",20
"1674","BUDAPEST",6,"ÚDP",27
"1675","HAJDÚ-BIHAR",6,"ÚDP",23
"1676","PEST",6,"ÚDP",25
"1677","SZABOLCS-SZATMÁR-BEREG",6,"ÚDP",11
"1678","BORSOD-ABAÚJ-ZEMPLÉN",7,"ÚDP",14
"1679","BUDAPEST",7,"ÚDP",8
"1680","PEST",7,"ÚDP",28
"1681","BUDAPEST",8,"ÚDP",17
"1682","PEST",8,"ÚDP",21
"1683","BUDAPEST",9,"ÚDP",25
"1684","PEST",9,"ÚDP",11
"1685","BUDAPEST",10,"ÚDP",21
"1686","PEST",10,"ÚDP",19
"1687","BUDAPEST",11,"ÚDP",15
"1688","PEST",11,"ÚDP",8
"1689","BUDAPEST",12,"ÚDP",17
"1690","PEST",12,"ÚDP",23
"1691","BUDAPEST",13,"ÚDP",11
"1692","BUDAPEST",14,"ÚDP",18
"1693","BUDAPEST",15,"ÚDP",17
"1694","BUDAPEST",16,"ÚDP",20
"1695","BUDAPEST",17,"ÚDP",18
"1696","BUDAPEST",18,"ÚDP",16
"1697","BÁCS-KISKUN",1,"ÚMP",10
"1698","BARANYA",1,"ÚMP",12
"1699","BÉKÉS",1,"ÚMP",24
"1700","BORSOD-ABAÚJ-ZEMPLÉN",1,"ÚMP",16
"1701","BUDAPEST",1,"ÚMP",6
"1702","CSONGRÁD",1,"ÚMP",17
"1703","FEJÉR",1,"ÚMP",10
"1704","GYŐR-MOSON-SOPRON",1,"ÚMP",13
"1705","HAJDÚ-BIHAR",1,"ÚMP",8
"1706","HEVES",1,"ÚMP",11
"1707","JÁSZ-NAGYKUN-SZOLNOK",1,"ÚMP",17
"1708","KOMÁROM-ESZTERGOM",1,"ÚMP",17
"1709","NÓGRÁD",1,"ÚMP",3
"1710","PEST",1,"ÚMP",23
"1711","SOMOGY",1,"ÚMP",10
"1712","SZABOLCS-SZATMÁR-BEREG",1,"ÚMP",13
"1713","TOLNA",1,"ÚMP",10
"1714","VAS",1,"ÚMP",27
"1715","VESZPRÉM",1,"ÚMP",12
"1716","ZALA",1,"ÚMP",26
"1717","BÁCS-KISKUN",2,"ÚMP",16
"1718","BARANYA",2,"ÚMP",22
"1719","BÉKÉS",2,"ÚMP",16
"1720","BORSOD-ABAÚJ-ZEMPLÉN",2,"ÚMP",11
"1721","BUDAPEST",2,"ÚMP",9
"1722","CSONGRÁD",2,"ÚMP",20
"1723","FEJÉR",2,"ÚMP",9
"1724","GYŐR-MOSON-SOPRON",2,"ÚMP",20
"1725","HAJDÚ-BIHAR",2,"ÚMP",12
"1726","HEVES",2,"ÚMP",8
"1727","JÁSZ-NAGYKUN-SZOLNOK",2,"ÚMP",11
"1728","KOMÁROM-ESZTERGOM",2,"ÚMP",10
"1729","NÓGRÁD",2,"ÚMP",11
"1730","PEST",2,"ÚMP",16
"1731","SOMOGY",2,"ÚMP",17
"1732","SZABOLCS-SZATMÁR-BEREG",2,"ÚMP",8
"1733","TOLNA",2,"ÚMP",5
"1734","VAS",2,"ÚMP",147
"1735","VESZPRÉM",2,"ÚMP",28
"1736","ZALA",2,"ÚMP",26
"1737","BÁCS-KISKUN",3,"ÚMP",15
"1738","BARANYA",3,"ÚMP",12
"1739","BÉKÉS",3,"ÚMP",14
"1740","BORSOD-ABAÚJ-ZEMPLÉN",3,"ÚMP",22
"1741","BUDAPEST",3,"ÚMP",3
"1742","CSONGRÁD",3,"ÚMP",9
"1743","FEJÉR",3,"ÚMP",14
"1744","GYŐR-MOSON-SOPRON",3,"ÚMP",10
"1745","HAJDÚ-BIHAR",3,"ÚMP",12
"1746","HEVES",3,"ÚMP",7
"1747","JÁSZ-NAGYKUN-SZOLNOK",3,"ÚMP",7
"1748","KOMÁROM-ESZTERGOM",3,"ÚMP",18
"1749","PEST",3,"ÚMP",11
"1750","SOMOGY",3,"ÚMP",7
"1751","SZABOLCS-SZATMÁR-BEREG",3,"ÚMP",13
"1752","TOLNA",3,"ÚMP",16
"1753","VAS",3,"ÚMP",17
"1754","VESZPRÉM",3,"ÚMP",22
"1755","ZALA",3,"ÚMP",11
"1756","BÁCS-KISKUN",4,"ÚMP",18
"1757","BARANYA",4,"ÚMP",11
"1758","BÉKÉS",4,"ÚMP",19
"1759","BORSOD-ABAÚJ-ZEMPLÉN",4,"ÚMP",11
"1760","BUDAPEST",4,"ÚMP",4
"1761","CSONGRÁD",4,"ÚMP",18
"1762","FEJÉR",4,"ÚMP",12
"1763","GYŐR-MOSON-SOPRON",4,"ÚMP",21
"1764","HAJDÚ-BIHAR",4,"ÚMP",6
"1765","JÁSZ-NAGYKUN-SZOLNOK",4,"ÚMP",9
"1766","PEST",4,"ÚMP",15
"1767","SOMOGY",4,"ÚMP",10
"1768","SZABOLCS-SZATMÁR-BEREG",4,"ÚMP",4
"1769","VESZPRÉM",4,"ÚMP",20
"1770","BÁCS-KISKUN",5,"ÚMP",6
"1771","BORSOD-ABAÚJ-ZEMPLÉN",5,"ÚMP",12
"1772","BUDAPEST",5,"ÚMP",8
"1773","FEJÉR",5,"ÚMP",12
"1774","GYŐR-MOSON-SOPRON",5,"ÚMP",13
"1775","HAJDÚ-BIHAR",5,"ÚMP",9
"1776","PEST",5,"ÚMP",11
"1777","SZABOLCS-SZATMÁR-BEREG",5,"ÚMP",10
"1778","BÁCS-KISKUN",6,"ÚMP",14
"1779","BORSOD-ABAÚJ-ZEMPLÉN",6,"ÚMP",15
"1780","BUDAPEST",6,"ÚMP",17
"1781","HAJDÚ-BIHAR",6,"ÚMP",15
"1782","PEST",6,"ÚMP",25
"1783","SZABOLCS-SZATMÁR-BEREG",6,"ÚMP",9
"1784","BORSOD-ABAÚJ-ZEMPLÉN",7,"ÚMP",12
"1785","BUDAPEST",7,"ÚMP",5
"1786","PEST",7,"ÚMP",19
"1787","BUDAPEST",8,"ÚMP",21
"1788","PEST",8,"ÚMP",24
"1789","BUDAPEST",9,"ÚMP",21
"1790","PEST",9,"ÚMP",7
"1791","BUDAPEST",10,"ÚMP",12
"1792","PEST",10,"ÚMP",4
"1793","BUDAPEST",11,"ÚMP",11
"1794","PEST",11,"ÚMP",5
"1795","BUDAPEST",12,"ÚMP",9
"1796","PEST",12,"ÚMP",8
"1797","BUDAPEST",13,"ÚMP",17
"1798","BUDAPEST",14,"ÚMP",20
"1799","BUDAPEST",15,"ÚMP",22
"1800","BUDAPEST",16,"ÚMP",21
"1801","BUDAPEST",17,"ÚMP",22
"1802","BUDAPEST",18,"ÚMP",11
"1803","BÁCS-KISKUN",1,"ZÖLDEK PÁRTJA",202
"1804","BARANYA",1,"ZÖLDEK PÁRTJA",199
"1805","BÉKÉS",1,"ZÖLDEK PÁRTJA",179
"1806","BORSOD-ABAÚJ-ZEMPLÉN",1,"ZÖLDEK PÁRTJA",229
"1807","BUDAPEST",1,"ZÖLDEK PÁRTJA",177
"1808","CSONGRÁD",1,"ZÖLDEK PÁRTJA",305
"1809","FEJÉR",1,"ZÖLDEK PÁRTJA",174
"1810","GYŐR-MOSON-SOPRON",1,"ZÖLDEK PÁRTJA",147
"1811","HAJDÚ-BIHAR",1,"ZÖLDEK PÁRTJA",344
"1812","HEVES",1,"ZÖLDEK PÁRTJA",220
"1813","JÁSZ-NAGYKUN-SZOLNOK",1,"ZÖLDEK PÁRTJA",161
"1814","KOMÁROM-ESZTERGOM",1,"ZÖLDEK PÁRTJA",230
"1815","NÓGRÁD",1,"ZÖLDEK PÁRTJA",137
"1816","PEST",1,"ZÖLDEK PÁRTJA",345
"1817","SOMOGY",1,"ZÖLDEK PÁRTJA",174
"1818","SZABOLCS-SZATMÁR-BEREG",1,"ZÖLDEK PÁRTJA",178
"1819","TOLNA",1,"ZÖLDEK PÁRTJA",96
"1820","VAS",1,"ZÖLDEK PÁRTJA",158
"1821","VESZPRÉM",1,"ZÖLDEK PÁRTJA",168
"1822","ZALA",1,"ZÖLDEK PÁRTJA",149
"1823","BÁCS-KISKUN",2,"ZÖLDEK PÁRTJA",160
"1824","BARANYA",2,"ZÖLDEK PÁRTJA",156
"1825","BÉKÉS",2,"ZÖLDEK PÁRTJA",134
"1826","BORSOD-ABAÚJ-ZEMPLÉN",2,"ZÖLDEK PÁRTJA",252
"1827","BUDAPEST",2,"ZÖLDEK PÁRTJA",173
"1828","CSONGRÁD",2,"ZÖLDEK PÁRTJA",250
"1829","FEJÉR",2,"ZÖLDEK PÁRTJA",295
"1830","GYŐR-MOSON-SOPRON",2,"ZÖLDEK PÁRTJA",152
"1831","HAJDÚ-BIHAR",2,"ZÖLDEK PÁRTJA",216
"1832","HEVES",2,"ZÖLDEK PÁRTJA",149
"1833","JÁSZ-NAGYKUN-SZOLNOK",2,"ZÖLDEK PÁRTJA",124
"1834","KOMÁROM-ESZTERGOM",2,"ZÖLDEK PÁRTJA",173
"1835","NÓGRÁD",2,"ZÖLDEK PÁRTJA",137
"1836","PEST",2,"ZÖLDEK PÁRTJA",258
"1837","SOMOGY",2,"ZÖLDEK PÁRTJA",67
"1838","SZABOLCS-SZATMÁR-BEREG",2,"ZÖLDEK PÁRTJA",166
"1839","TOLNA",2,"ZÖLDEK PÁRTJA",166
"1840","VAS",2,"ZÖLDEK PÁRTJA",129
"1841","VESZPRÉM",2,"ZÖLDEK PÁRTJA",168
"1842","ZALA",2,"ZÖLDEK PÁRTJA",138
"1843","BÁCS-KISKUN",3,"ZÖLDEK PÁRTJA",135
"1844","BARANYA",3,"ZÖLDEK PÁRTJA",114
"1845","BÉKÉS",3,"ZÖLDEK PÁRTJA",102
"1846","BORSOD-ABAÚJ-ZEMPLÉN",3,"ZÖLDEK PÁRTJA",75
"1847","BUDAPEST",3,"ZÖLDEK PÁRTJA",150
"1848","CSONGRÁD",3,"ZÖLDEK PÁRTJA",285
"1849","FEJÉR",3,"ZÖLDEK PÁRTJA",158
"1850","GYŐR-MOSON-SOPRON",3,"ZÖLDEK PÁRTJA",95
"1851","HAJDÚ-BIHAR",3,"ZÖLDEK PÁRTJA",135
"1852","HEVES",3,"ZÖLDEK PÁRTJA",115
"1853","JÁSZ-NAGYKUN-SZOLNOK",3,"ZÖLDEK PÁRTJA",94
"1854","KOMÁROM-ESZTERGOM",3,"ZÖLDEK PÁRTJA",165
"1855","PEST",3,"ZÖLDEK PÁRTJA",317
"1856","SOMOGY",3,"ZÖLDEK PÁRTJA",125
"1857","SZABOLCS-SZATMÁR-BEREG",3,"ZÖLDEK PÁRTJA",184
"1858","TOLNA",3,"ZÖLDEK PÁRTJA",96
"1859","VAS",3,"ZÖLDEK PÁRTJA",130
"1860","VESZPRÉM",3,"ZÖLDEK PÁRTJA",110
"1861","ZALA",3,"ZÖLDEK PÁRTJA",88
"1862","BÁCS-KISKUN",4,"ZÖLDEK PÁRTJA",142
"1863","BARANYA",4,"ZÖLDEK PÁRTJA",137
"1864","BÉKÉS",4,"ZÖLDEK PÁRTJA",128
"1865","BORSOD-ABAÚJ-ZEMPLÉN",4,"ZÖLDEK PÁRTJA",80
"1866","BUDAPEST",4,"ZÖLDEK PÁRTJA",201
"1867","CSONGRÁD",4,"ZÖLDEK PÁRTJA",271
"1868","FEJÉR",4,"ZÖLDEK PÁRTJA",130
"1869","GYŐR-MOSON-SOPRON",4,"ZÖLDEK PÁRTJA",193
"1870","HAJDÚ-BIHAR",4,"ZÖLDEK PÁRTJA",121
"1871","JÁSZ-NAGYKUN-SZOLNOK",4,"ZÖLDEK PÁRTJA",120
"1872","PEST",4,"ZÖLDEK PÁRTJA",233
"1873","SOMOGY",4,"ZÖLDEK PÁRTJA",138
"1874","SZABOLCS-SZATMÁR-BEREG",4,"ZÖLDEK PÁRTJA",105
"1875","VESZPRÉM",4,"ZÖLDEK PÁRTJA",165
"1876","BÁCS-KISKUN",5,"ZÖLDEK PÁRTJA",91
"1877","BORSOD-ABAÚJ-ZEMPLÉN",5,"ZÖLDEK PÁRTJA",121
"1878","BUDAPEST",5,"ZÖLDEK PÁRTJA",186
"1879","FEJÉR",5,"ZÖLDEK PÁRTJA",123
"1880","GYŐR-MOSON-SOPRON",5,"ZÖLDEK PÁRTJA",133
"1881","HAJDÚ-BIHAR",5,"ZÖLDEK PÁRTJA",97
"1882","PEST",5,"ZÖLDEK PÁRTJA",266
"1883","SZABOLCS-SZATMÁR-BEREG",5,"ZÖLDEK PÁRTJA",85
"1884","BÁCS-KISKUN",6,"ZÖLDEK PÁRTJA",97
"1885","BORSOD-ABAÚJ-ZEMPLÉN",6,"ZÖLDEK PÁRTJA",126
"1886","BUDAPEST",6,"ZÖLDEK PÁRTJA",193
"1887","HAJDÚ-BIHAR",6,"ZÖLDEK PÁRTJA",148
"1888","PEST",6,"ZÖLDEK PÁRTJA",209
"1889","SZABOLCS-SZATMÁR-BEREG",6,"ZÖLDEK PÁRTJA",83
"1890","BORSOD-ABAÚJ-ZEMPLÉN",7,"ZÖLDEK PÁRTJA",150
"1891","BUDAPEST",7,"ZÖLDEK PÁRTJA",177
"1892","PEST",7,"ZÖLDEK PÁRTJA",302
"1893","BUDAPEST",8,"ZÖLDEK PÁRTJA",201
"1894","PEST",8,"ZÖLDEK PÁRTJA",219
"1895","BUDAPEST",9,"ZÖLDEK PÁRTJA",209
"1896","PEST",9,"ZÖLDEK PÁRTJA",112
"1897","BUDAPEST",10,"ZÖLDEK PÁRTJA",344
"1898","PEST",10,"ZÖLDEK PÁRTJA",156
"1899","BUDAPEST",11,"ZÖLDEK PÁRTJA",229
"1900","PEST",11,"ZÖLDEK PÁRTJA",185
"1901","BUDAPEST",12,"ZÖLDEK PÁRTJA",255
"1902","PEST",12,"ZÖLDEK PÁRTJA",135
"1903","BUDAPEST",13,"ZÖLDEK PÁRTJA",187
"1904","BUDAPEST",14,"ZÖLDEK PÁRTJA",238
"1905","BUDAPEST",15,"ZÖLDEK PÁRTJA",251
"1906","BUDAPEST",16,"ZÖLDEK PÁRTJA",200
"1907","BUDAPEST",17,"ZÖLDEK PÁRTJA",182
"1908","BUDAPEST",18,"ZÖLDEK PÁRTJA",366
